granuleId,packageId,role,chamber,congress,bioGuideId,memberName,state,party,members,name__authority-lnf,name__authority-other,name__parsed,name__authority-fnf
CREC-2016-12-08-pt1-PgH7401-8,CREC-2016-12-08,SPEAKING,H,114,D000191,"DeFazio, Peter A.",OR,D,,"DeFazio, Peter A.",Peter DeFazio,Mr. DeFAZIO,Peter A. DeFazio
CREC-2016-12-08-pt1-PgH7401-4,CREC-2016-12-08,SPEAKING,H,114,W000810,"Woodall, Rob",GA,R,,"Woodall, Rob",,Mr. WOODALL,Rob Woodall
CREC-2016-12-08-pt1-PgH7401-5,CREC-2016-12-08,,,,,,,,,,,,
CREC-2016-12-08-pt1-PgH7401-6,CREC-2016-12-08,,,,,,,,,,,,
CREC-2016-12-08-pt1-PgH7401-7,CREC-2016-12-08,SPEAKING,H,114,B001293,"Bishop, Mike",MI,R,,"Bishop, Mike",,Mr. BISHOP of Michigan,Mike Bishop
CREC-2016-12-08-pt1-PgH7401-2,CREC-2016-12-08,,,,,,,,,,,,
CREC-2016-12-08-pt1-PgH7401-3,CREC-2016-12-08,,,,,,,,,,,,
CREC-2016-12-08-pt1-PgH-FrontMatter-3,CREC-2016-12-08,,,,,,,,,,,,
CREC-2016-12-08-pt1-PgH7402,CREC-2016-12-08,SPEAKING,H,114,W000816,"Williams, Roger",TX,R,,"Williams, Roger",,Mr. WILLIAMS,Roger Williams
CREC-2016-12-08-pt1-PgH7402-5,CREC-2016-12-08,SPEAKING,H,114,D000613,"Dold, Robert J.",IL,R,,"Dold, Robert J.",Robert Dold,Mr. DOLD,Robert J. Dold
CREC-2016-12-08-pt1-PgH7402-3,CREC-2016-12-08,SPEAKING,H,114,R000603,"Rouzer, David",NC,R,,"Rouzer, David",,Mr. ROUZER,David Rouzer
CREC-2016-12-08-pt1-PgH7402-7,CREC-2016-12-08,SPEAKING,H,114,H001057,"Huelskamp, Tim",KS,R,,"Huelskamp, Tim",,Mr. HUELSKAMP,Tim Huelskamp
CREC-2016-12-08-pt1-PgH7402-6,CREC-2016-12-08,SPEAKING,H,114,S001180,"Schrader, Kurt",OR,D,,"Schrader, Kurt",,Mr. SCHRADER,Kurt Schrader
CREC-2016-12-08-pt1-PgH7402-4,CREC-2016-12-08,SPEAKING,H,114,O000170,"O'Rourke, Beto",TX,D,,"O'Rourke, Beto",,Mr. O'ROURKE,Beto O'Rourke
CREC-2016-12-08-pt1-PgH7402-2,CREC-2016-12-08,SPEAKING,H,114,C001084,"Cicilline, David N.",RI,D,,"Cicilline, David N.",David Cicilline,Mr. CICILLINE,David N. Cicilline
CREC-2016-12-08-pt1-PgH7403,CREC-2016-12-08,SPEAKING,H,114,G000571,"Gabbard, Tulsi",HI,D,,"Gabbard, Tulsi",,Ms. GABBARD,Tulsi Gabbard
CREC-2016-12-08-pt1-PgH7403-2,CREC-2016-12-08,SPEAKING,H,114,W000810,"Woodall, Rob",GA,R,,"Woodall, Rob",,Mr. WOODALL,Rob Woodall
CREC-2016-12-08-pt1-PgH7403-2,CREC-2016-12-08,SPEAKING,H,114,S000480,"Slaughter, Louise McIntosh",NY,D,,"Slaughter, Louise McIntosh",Louise Slaughter,Ms. SLAUGHTER,Louise McIntosh Slaughter
CREC-2016-12-08-pt1-PgH7403-2,CREC-2016-12-08,SPEAKING,H,114,S000480,"Slaughter, Louise McIntosh",NY,D,,"Slaughter, Louise McIntosh",Louise M. Slaughter,Ms. SLAUGHTER,Louise McIntosh Slaughter
CREC-2016-12-08-pt1-PgH7403-2,CREC-2016-12-08,SPEAKING,H,114,C001053,"Cole, Tom",OK,R,,"Cole, Tom",,Mr. COLE,Tom Cole
CREC-2016-12-08-pt1-PgH7403-2,CREC-2016-12-08,SPEAKING,H,114,M001163,"Matsui, Doris O.",CA,D,,"Matsui, Doris O.",Doris Matsui,Ms. MATSUI,Doris O. Matsui
CREC-2016-12-08-pt1-PgH7403-2,CREC-2016-12-08,SPEAKING,H,114,C001090,"Cartwright, Matt",PA,D,,"Cartwright, Matt",,Mr. CARTWRIGHT,Matt Cartwright
CREC-2016-12-08-pt1-PgH7403-2,CREC-2016-12-08,SPEAKING,H,114,P000197,"Pelosi, Nancy",CA,D,,"Pelosi, Nancy",,Ms. PELOSI,Nancy Pelosi
CREC-2016-12-08-pt1-PgH7403-2,CREC-2016-12-08,SPEAKING,H,114,J000032,"Jackson Lee, Sheila",TX,D,,"Jackson Lee, Sheila",,Ms. JACKSON LEE,Sheila Jackson Lee
CREC-2016-12-08-pt1-PgH7403-2,CREC-2016-12-08,SPEAKING,H,114,F000462,"Frankel, Lois",FL,D,,"Frankel, Lois",,Ms. FRANKEL of Florida,Lois Frankel
CREC-2016-12-08-pt1-PgH7403-2,CREC-2016-12-08,SPEAKING,H,114,L000551,"Lee, Barbara",CA,D,,"Lee, Barbara",,Ms. LEE,Barbara Lee
CREC-2016-12-08-pt1-PgH7412-3,CREC-2016-12-08,SPEAKING,H,114,S001154,"Shuster, Bill",PA,R,,"Shuster, Bill",,Mr. SHUSTER,Bill Shuster
CREC-2016-12-08-pt1-PgH7527,CREC-2016-12-08,,,,,,,,,,,,
CREC-2016-12-08-pt1-PgH7412-2,CREC-2016-12-08,SPEAKING,H,114,G000289,"Goodlatte, Bob",VA,R,,"Goodlatte, Bob",Robert Goodlatte,Mr. GOODLATTE,Bob Goodlatte
CREC-2016-12-08-pt1-PgH7412-2,CREC-2016-12-08,SPEAKING,H,114,G000289,"Goodlatte, Bob",VA,R,,"Goodlatte, Bob",Robert W. Goodlatte,Mr. GOODLATTE,Bob Goodlatte
CREC-2016-12-08-pt1-PgH7412,CREC-2016-12-08,SPEAKING,H,114,O000168,"Olson, Pete",TX,R,,"Olson, Pete",,Mr. OLSON,Pete Olson
CREC-2016-12-08-pt1-PgH7412,CREC-2016-12-08,SPEAKING,H,114,G000546,"Graves, Sam",MO,R,,"Graves, Sam",,Mr. GRAVES of Missouri,Sam Graves
CREC-2016-12-08-pt1-PgH7526,CREC-2016-12-08,SPEAKING,H,114,R000586,"Renacci, James B.",OH,R,,"Renacci, James B.",James Renacci,Mr. RENACCI,James B. Renacci
CREC-2016-12-08-pt1-PgH7526,CREC-2016-12-08,SPEAKING,H,114,M001165,"McCarthy, Kevin",CA,R,,"McCarthy, Kevin",,Mr. McCARTHY,Kevin McCarthy
CREC-2016-12-08-pt1-PgH7526,CREC-2016-12-08,SPEAKING,H,114,G000410,"Green, Gene",TX,D,,"Green, Gene",,Mr. GENE GREEN of Texas,Gene Green
CREC-2016-12-08-pt1-PgH7498,CREC-2016-12-08,SPEAKING,H,114,R000395,"Rogers, Harold",KY,R,,"Rogers, Harold",,Mr. ROGERS of Kentucky,Harold Rogers
CREC-2016-12-08-pt1-PgH7498,CREC-2016-12-08,SPEAKING,H,114,L000480,"Lowey, Nita M.",NY,D,,"Lowey, Nita M.",Nita Lowey,Mrs. LOWEY,Nita M. Lowey
CREC-2016-12-08-pt1-PgH7498,CREC-2016-12-08,SPEAKING,H,114,F000372,"Frelinghuysen, Rodney P.",NJ,R,,"Frelinghuysen, Rodney P.",Rodney Frelinghuysen,Mr. FRELINGHUYSEN,Rodney P. Frelinghuysen
CREC-2016-12-08-pt1-PgH7498,CREC-2016-12-08,SPEAKING,H,114,V000108,"Visclosky, Peter J.",IN,D,,"Visclosky, Peter J.",Peter Visclosky,Mr. VISCLOSKY,Peter J. Visclosky
CREC-2016-12-08-pt1-PgH7498,CREC-2016-12-08,SPEAKING,H,114,C001053,"Cole, Tom",OK,R,,"Cole, Tom",,Mr. COLE,Tom Cole
CREC-2016-12-08-pt1-PgH7498,CREC-2016-12-08,SPEAKING,H,114,M001180,"McKinley, David B.",WV,R,,"McKinley, David B.",David McKinley,Mr. McKINLEY,David B. McKinley
CREC-2016-12-08-pt1-PgH7498,CREC-2016-12-08,SPEAKING,H,114,K000009,"Kaptur, Marcy",OH,D,,"Kaptur, Marcy",,Ms. KAPTUR,Marcy Kaptur
CREC-2016-12-08-pt1-PgH7498,CREC-2016-12-08,SPEAKING,H,114,U000031,"Upton, Fred",MI,R,,"Upton, Fred",,Mr. UPTON,Fred Upton
CREC-2016-12-08-pt1-PgH7498,CREC-2016-12-08,SPEAKING,H,114,S000248,"Serrano, Jose E.",NY,D,,"Serrano, Jose E.",Jose Serrano,Mr. SERRANO,Jose E. Serrano
CREC-2016-12-08-pt1-PgH7498,CREC-2016-12-08,SPEAKING,H,114,W000809,"Womack, Steve",AR,R,,"Womack, Steve",,Mr. WOMACK,Steve Womack
CREC-2016-12-08-pt1-PgH7498,CREC-2016-12-08,SPEAKING,H,114,P000523,"Price, David E.",NC,D,,"Price, David E.",David Price,Mr. PRICE of North Carolina,David E. Price
CREC-2016-12-08-pt1-PgH7498,CREC-2016-12-08,SPEAKING,H,114,S001148,"Simpson, Michael K.",ID,R,,"Simpson, Michael K.",Michael Simpson,Mr. SIMPSON,Michael K. Simpson
CREC-2016-12-08-pt1-PgH7498,CREC-2016-12-08,SPEAKING,H,114,F000030,"Farr, Sam",CA,D,,"Farr, Sam",,Mr. FARR,Sam Farr
CREC-2016-12-08-pt1-PgH7498,CREC-2016-12-08,SPEAKING,H,114,M001143,"McCollum, Betty",MN,D,,"McCollum, Betty",,Ms. McCOLLUM,Betty McCollum
CREC-2016-12-08-pt1-PgH7498,CREC-2016-12-08,SPEAKING,H,114,K000380,"Kildee, Daniel T.",MI,D,,"Kildee, Daniel T.",Daniel Kildee,Mr. KILDEE,Daniel T. Kildee
CREC-2016-12-08-pt1-PgH7498,CREC-2016-12-08,SPEAKING,H,114,C001051,"Carter, John R.",TX,R,,"Carter, John R.",John Carter,Mr. CARTER of Texas,John R. Carter
CREC-2016-12-08-pt1-PgH7498,CREC-2016-12-08,SPEAKING,H,114,J000032,"Jackson Lee, Sheila",TX,D,,"Jackson Lee, Sheila",,Ms. JACKSON LEE,Sheila Jackson Lee
CREC-2016-12-08-pt1-PgH7498,CREC-2016-12-08,SPEAKING,H,114,P000197,"Pelosi, Nancy",CA,D,,"Pelosi, Nancy",,Ms. PELOSI,Nancy Pelosi
CREC-2016-12-08-pt1-PgH7413,CREC-2016-12-08,SPEAKING,H,114,S001154,"Shuster, Bill",PA,R,,"Shuster, Bill",,Mr. SHUSTER,Bill Shuster
CREC-2016-12-08-pt1-PgH7413,CREC-2016-12-08,SPEAKING,H,114,D000191,"DeFazio, Peter A.",OR,D,,"DeFazio, Peter A.",Peter DeFazio,Mr. DeFAZIO,Peter A. DeFazio
CREC-2016-12-08-pt1-PgH7413,CREC-2016-12-08,SPEAKING,H,114,G000563,"Gibbs, Bob",OH,R,,"Gibbs, Bob",,Mr. GIBBS,Bob Gibbs
CREC-2016-12-08-pt1-PgH7413,CREC-2016-12-08,SPEAKING,H,114,N000179,"Napolitano, Grace F.",CA,D,,"Napolitano, Grace F.",Grace Napolitano,Mrs. NAPOLITANO,Grace F. Napolitano
CREC-2016-12-08-pt1-PgH7413,CREC-2016-12-08,SPEAKING,H,114,C000059,"Calvert, Ken",CA,R,,"Calvert, Ken",,Mr. CALVERT,Ken Calvert
CREC-2016-12-08-pt1-PgH7413,CREC-2016-12-08,SPEAKING,H,114,D000216,"DeLauro, Rosa L.",CT,D,,"DeLauro, Rosa L.",Rosa DeLauro,Ms. DeLAURO,Rosa L. DeLauro
CREC-2016-12-08-pt1-PgH7413,CREC-2016-12-08,SPEAKING,H,114,C001069,"Courtney, Joe",CT,D,,"Courtney, Joe",,Mr. COURTNEY,Joe Courtney
CREC-2016-12-08-pt1-PgH7413,CREC-2016-12-08,SPEAKING,H,114,M001165,"McCarthy, Kevin",CA,R,,"McCarthy, Kevin",,Mr. McCARTHY,Kevin McCarthy
CREC-2016-12-08-pt1-PgH7413,CREC-2016-12-08,SPEAKING,H,114,T000460,"Thompson, Mike",CA,D,,"Thompson, Mike",,Mr. THOMPSON of California,Mike Thompson
CREC-2016-12-08-pt1-PgH7413,CREC-2016-12-08,SPEAKING,H,114,F000460,"Farenthold, Blake",TX,R,,"Farenthold, Blake",,Mr. FARENTHOLD,Blake Farenthold
CREC-2016-12-08-pt1-PgH7413,CREC-2016-12-08,SPEAKING,H,114,K000009,"Kaptur, Marcy",OH,D,,"Kaptur, Marcy",,Ms. KAPTUR,Marcy Kaptur
CREC-2016-12-08-pt1-PgH7413,CREC-2016-12-08,SPEAKING,H,114,S000051,"Sanford, Mark",SC,R,,"Sanford, Mark",,Mr. SANFORD,Mark Sanford
CREC-2016-12-08-pt1-PgH7413,CREC-2016-12-08,SPEAKING,H,114,G000577,"Graves, Garret",LA,R,,"Graves, Garret",,Mr. GRAVES of Louisiana,Garret Graves
CREC-2016-12-08-pt1-PgH7413,CREC-2016-12-08,SPEAKING,H,114,B001275,"Bucshon, Larry",IN,R,,"Bucshon, Larry",,Mr. BUCSHON,Larry Bucshon
CREC-2016-12-08-pt1-PgH7413,CREC-2016-12-08,SPEAKING,H,114,T000469,"Tonko, Paul",NY,D,,"Tonko, Paul",,Mr. TONKO,Paul Tonko
CREC-2016-12-08-pt1-PgH7413,CREC-2016-12-08,SPEAKING,H,114,M001166,"McNerney, Jerry",CA,D,,"McNerney, Jerry",,Mr. McNERNEY,Jerry McNerney
CREC-2016-12-08-pt1-PgH7413,CREC-2016-12-08,SPEAKING,H,114,C001096,"Cramer, Kevin",ND,R,,"Cramer, Kevin",,Mr. CRAMER,Kevin Cramer
CREC-2016-12-08-pt1-PgH7413,CREC-2016-12-08,SPEAKING,H,114,K000380,"Kildee, Daniel T.",MI,D,,"Kildee, Daniel T.",Daniel Kildee,Mr. KILDEE,Daniel T. Kildee
CREC-2016-12-08-pt1-PgH7413,CREC-2016-12-08,SPEAKING,H,114,Z000018,"Zinke, Ryan K.",MT,R,,"Zinke, Ryan K.",Ryan Zinke,Mr. ZINKE,Ryan K. Zinke
CREC-2016-12-08-pt1-PgH7413,CREC-2016-12-08,SPEAKING,H,114,P000034,"Pallone, Frank",NJ,D,,"Pallone, Frank",Frank Pallone,Mr. PALLONE,"Frank Pallone, Jr."
CREC-2016-12-08-pt1-PgH7413,CREC-2016-12-08,SPEAKING,H,114,U000031,"Upton, Fred",MI,R,,"Upton, Fred",,Mr. UPTON,Fred Upton
CREC-2016-12-08-pt1-PgH7413,CREC-2016-12-08,SPEAKING,H,114,L000567,"Lance, Leonard",NJ,R,,"Lance, Leonard",,Mr. LANCE,Leonard Lance
CREC-2016-12-08-pt1-PgH7413,CREC-2016-12-08,SPEAKING,H,114,B001250,"Bishop, Rob",UT,R,,"Bishop, Rob",,Mr. BISHOP of Utah,Rob Bishop
CREC-2016-12-08-pt1-PgH7413,CREC-2016-12-08,SPEAKING,H,114,H001068,"Huffman, Jared",CA,D,,"Huffman, Jared",,Mr. HUFFMAN,Jared Huffman
CREC-2016-12-08-pt1-PgH7413,CREC-2016-12-08,SPEAKING,H,114,V000129,"Valadao, David G.",CA,R,,"Valadao, David G.",David Valadao,Mr. VALADAO,David G. Valadao
CREC-2016-12-08-pt1-PgH7413,CREC-2016-12-08,SPEAKING,H,114,C001059,"Costa, Jim",CA,D,,"Costa, Jim",,Mr. COSTA,Jim Costa
CREC-2016-12-08-pt1-PgH7413,CREC-2016-12-08,SPEAKING,H,114,G000551,"Grijalva, Raul M.",AZ,D,,"Grijalva, Raul M.",Raul Grijalva,Mr. GRIJALVA,Raul M. Grijalva
CREC-2016-12-08-pt1-PgH7413,CREC-2016-12-08,SPEAKING,H,114,L000578,"LaMalfa, Doug",CA,R,,"LaMalfa, Doug",,Mr. LaMALFA,Doug LaMalfa
CREC-2016-12-08-pt1-PgH7413,CREC-2016-12-08,SPEAKING,H,114,M001177,"McClintock, Tom",CA,R,,"McClintock, Tom",,Mr. McCLINTOCK,Tom McClintock
CREC-2016-12-08-pt1-PgH7413,CREC-2016-12-08,SPEAKING,H,114,G000410,"Green, Gene",TX,D,,"Green, Gene",,Mr. GENE GREEN of Texas,Gene Green
CREC-2016-12-08-pt1-PgH7413,CREC-2016-12-08,SPEAKING,H,114,J000032,"Jackson Lee, Sheila",TX,D,,"Jackson Lee, Sheila",,Ms. JACKSON LEE,Sheila Jackson Lee
CREC-2016-12-08-pt1-PgH7413,CREC-2016-12-08,SPEAKING,H,114,D000482,"Doyle, Michael F.",PA,D,,"Doyle, Michael F.",Mike Doyle,Mr. MICHAEL F. DOYLE of Pennsylvania,Michael F. Doyle
CREC-2016-12-08-pt1-PgH7527-2,CREC-2016-12-08,,,,,,,,,,,,
CREC-2016-12-08-pt1-PgH7527-3,CREC-2016-12-08,SPEAKING,H,114,S001154,"Shuster, Bill",PA,R,,"Shuster, Bill",,Mr. SHUSTER,Bill Shuster
CREC-2016-12-08-pt1-PgH7527-4,CREC-2016-12-08,SPEAKING,H,114,C001076,"Chaffetz, Jason",UT,R,,"Chaffetz, Jason",,Mr. CHAFFETZ,Jason Chaffetz
CREC-2016-12-08-pt1-PgH7531,CREC-2016-12-08,SPEAKING,H,114,C001076,"Chaffetz, Jason",UT,R,,"Chaffetz, Jason",,Mr. CHAFFETZ,Jason Chaffetz
CREC-2016-12-08-pt1-PgH7540,CREC-2016-12-08,SPEAKING,H,114,N000181,"Nunes, Devin",CA,R,,"Nunes, Devin",,Mr. NUNES,Devin Nunes
CREC-2016-12-08-pt1-PgH7533,CREC-2016-12-08,SPEAKING,H,114,R000600,"Radewagen, Aumua Amata Coleman",AS,R,,"Radewagen, Aumua Amata Coleman",Aumua Amata Radewagen,Mrs. RADEWAGEN,Aumua Amata Coleman Radewagen
CREC-2016-12-08-pt1-PgH7550,CREC-2016-12-08,SPEAKING,H,114,N000181,"Nunes, Devin",CA,R,,"Nunes, Devin",,Mr. NUNES,Devin Nunes
CREC-2016-12-08-pt1-PgH7551,CREC-2016-12-08,SPEAKING,H,114,N000181,"Nunes, Devin",CA,R,,"Nunes, Devin",,Mr. NUNES,Devin Nunes
CREC-2016-12-08-pt1-PgH7551-2,CREC-2016-12-08,,,,,,,,,,,,
CREC-2016-12-08-pt1-PgH7551-3,CREC-2016-12-08,,,,,,,,,,,,
CREC-2016-12-08-pt1-PgH7551-4,CREC-2016-12-08,,,,,,,,,,,,
CREC-2016-12-08-pt1-PgH7551-5,CREC-2016-12-08,SPEAKING,H,114,C001103,"Carter, Earl L. ""Buddy""",GA,R,,"Carter, Earl L. ""Buddy""",Earl Carter,Mr. CARTER of Georgia,"Earl L. ""Buddy"" Carter"
CREC-2016-12-08-pt1-PgH7552,CREC-2016-12-08,SPEAKING,H,114,T000468,"Titus, Dina",NV,D,,"Titus, Dina",,Ms. TITUS,Dina Titus
CREC-2016-12-08-pt1-PgH7551-6,CREC-2016-12-08,SPEAKING,H,114,G000289,"Goodlatte, Bob",VA,R,,"Goodlatte, Bob",Robert Goodlatte,Mr. GOODLATTE,Bob Goodlatte
CREC-2016-12-08-pt1-PgH7551-6,CREC-2016-12-08,SPEAKING,H,114,G000289,"Goodlatte, Bob",VA,R,,"Goodlatte, Bob",Robert W. Goodlatte,Mr. GOODLATTE,Bob Goodlatte
CREC-2016-12-08-pt1-PgH7552-2,CREC-2016-12-08,SPEAKING,H,114,T000467,"Thompson, Glenn",PA,R,,"Thompson, Glenn",,Mr. THOMPSON of Pennsylvania,Glenn Thompson
CREC-2016-12-08-pt1-PgH7552-3,CREC-2016-12-08,SPEAKING,H,114,R000577,"Ryan, Tim",OH,D,,"Ryan, Tim",,Mr. RYAN of Ohio,Tim Ryan
CREC-2016-12-08-pt1-PgH7552-4,CREC-2016-12-08,SPEAKING,H,114,C001077,"Coffman, Mike",CO,R,,"Coffman, Mike",,Mr. COFFMAN,Mike Coffman
CREC-2016-12-08-pt1-PgH7552-5,CREC-2016-12-08,SPEAKING,H,114,S001168,"Sarbanes, John P.",MD,D,,"Sarbanes, John P.",John Sarbanes,Mr. SARBANES,John P. Sarbanes
CREC-2016-12-08-pt1-PgH7553,CREC-2016-12-08,SPEAKING,H,114,H001065,"Holding, George",NC,R,,"Holding, George",,Mr. HOLDING,George Holding
CREC-2016-12-08-pt1-PgH7553-4,CREC-2016-12-08,SPEAKING,H,114,C000984,"Cummings, Elijah E.",MD,D,,"Cummings, Elijah E.",Elijah Cummings,Mr. CUMMINGS,Elijah E. Cummings
CREC-2016-12-08-pt1-PgH7553-3,CREC-2016-12-08,SPEAKING,H,114,H000874,"Hoyer, Steny H.",MD,D,,"Hoyer, Steny H.",Steny Hoyer,Mr. HOYER,Steny H. Hoyer
CREC-2016-12-08-pt1-PgH7553-2,CREC-2016-12-08,SPEAKING,H,114,R000576,"Ruppersberger, C. A. Dutch",MD,D,,"Ruppersberger, C. A. Dutch",C. Ruppersberger,Mr. RUPPERSBERGER,C. A. Dutch Ruppersberger
CREC-2016-12-08-pt1-PgH7553-5,CREC-2016-12-08,SPEAKING,H,114,V000128,"Van Hollen, Chris",MD,D,,"Van Hollen, Chris",,Mr. VAN HOLLEN,Chris Van Hollen
CREC-2016-12-08-pt1-PgH7554,CREC-2016-12-08,SPEAKING,H,114,K000009,"Kaptur, Marcy",OH,D,,"Kaptur, Marcy",,Ms. KAPTUR,Marcy Kaptur
CREC-2016-12-08-pt1-PgH7554-2,CREC-2016-12-08,SPEAKING,H,114,D000623,"DeSaulnier, Mark",CA,D,,"DeSaulnier, Mark",,Mr. DeSAULNIER,Mark DeSaulnier
CREC-2016-12-08-pt1-PgH7554-3,CREC-2016-12-08,SPEAKING,H,114,L000578,"LaMalfa, Doug",CA,R,,"LaMalfa, Doug",,Mr. LaMALFA,Doug LaMalfa
CREC-2016-12-08-pt1-PgH7554-4,CREC-2016-12-08,SPEAKING,H,114,J000032,"Jackson Lee, Sheila",TX,D,,"Jackson Lee, Sheila",,Ms. JACKSON LEE,Sheila Jackson Lee
CREC-2016-12-08-pt1-PgH7554-6,CREC-2016-12-08,SPEAKING,H,114,C001083,"Carney, John C., Jr.",DE,D,,"Carney, John C., Jr.",John Carney,Mr. CARNEY,"John C. Carney, Jr."
CREC-2016-12-08-pt1-PgH7554-6,CREC-2016-12-08,SPEAKING,H,114,C001083,"Carney, John C., Jr.",DE,D,,"Carney, John C., Jr.",John C. Carney,Mr. CARNEY,"John C. Carney, Jr."
CREC-2016-12-08-pt1-PgH7554-5,CREC-2016-12-08,,,,,,,,,,,,
CREC-2016-12-08-pt1-PgH7555,CREC-2016-12-08,SPEAKING,H,114,R000592,"Rokita, Todd",IN,R,,"Rokita, Todd",,Mr. ROKITA,Todd Rokita
CREC-2016-12-08-pt1-PgH7555,CREC-2016-12-08,SPEAKING,H,114,Y000064,"Young, Todd",IN,R,,"Young, Todd",,Mr. YOUNG of Indiana,Todd Young
CREC-2016-12-08-pt1-PgH7555,CREC-2016-12-08,SPEAKING,H,114,B001275,"Bucshon, Larry",IN,R,,"Bucshon, Larry",,Mr. BUCSHON,Larry Bucshon
CREC-2016-12-08-pt1-PgH7555,CREC-2016-12-08,SPEAKING,H,114,C001072,"Carson, Andre",IN,D,,"Carson, Andre",,Mr. CARSON of Indiana,Andre Carson
CREC-2016-12-08-pt1-PgH7555,CREC-2016-12-08,SPEAKING,H,114,C001102,"Clawson, Curt",FL,R,,"Clawson, Curt",,Mr. CLAWSON of Florida,Curt Clawson
CREC-2016-12-08-pt1-PgH7555,CREC-2016-12-08,SPEAKING,H,114,B001284,"Brooks, Susan W.",IN,R,,"Brooks, Susan W.",Susan Brooks,Mrs. BROOKS of Indiana,Susan W. Brooks
CREC-2016-12-08-pt1-PgH7555,CREC-2016-12-08,SPEAKING,H,114,S001188,"Stutzman, Marlin A.",IN,R,,"Stutzman, Marlin A.",Marlin Stutzman,Mr. STUTZMAN,Marlin A. Stutzman
CREC-2016-12-08-pt1-PgH7555,CREC-2016-12-08,SPEAKING,H,114,M001189,"Messer, Luke",IN,R,,"Messer, Luke",,Mr. MESSER,Luke Messer
CREC-2016-12-08-pt1-PgH7561,CREC-2016-12-08,SPEAKING,H,114,R000592,"Rokita, Todd",IN,R,,"Rokita, Todd",,Mr. ROKITA,Todd Rokita
CREC-2016-12-08-pt1-PgH7561-2,CREC-2016-12-08,,,,,,,,,,,,
CREC-2016-12-08-pt1-PgH7561-3,CREC-2016-12-08,SPEAKING,H,114,G000552,"Gohmert, Louie",TX,R,,"Gohmert, Louie",,Mr. GOHMERT,Louie Gohmert
CREC-2016-12-08-pt1-PgH7564,CREC-2016-12-08,,,,,,,,,,,,
CREC-2016-12-08-pt1-PgH7564-2,CREC-2016-12-08,,,,,,,,,,,,
CREC-2016-12-08-pt1-PgH7564-3,CREC-2016-12-08,,,,,,,,,,,,
CREC-2016-12-08-pt1-PgH7564-4,CREC-2016-12-08,,,,,,,,,,,,
CREC-2016-12-08-pt1-PgH7564-5,CREC-2016-12-08,SPEAKING,H,114,G000552,"Gohmert, Louie",TX,R,,"Gohmert, Louie",,Mr. GOHMERT,Louie Gohmert
CREC-2016-12-08-pt1-PgH7564-6,CREC-2016-12-08,,,,,,,,,,,,
CREC-2016-12-08-pt1-PgH7566-2,CREC-2016-12-08,,,,,,,,,,,,
CREC-2016-12-08-pt1-PgH7566-3,CREC-2016-12-08,,,,,,,,,,,,
CREC-2016-12-08-pt1-PgH7567,CREC-2016-12-08,SPEAKING,H,114,B001250,"Bishop, Rob",UT,R,,"Bishop, Rob",,Mr. BISHOP of Utah,Rob Bishop
CREC-2016-12-08-pt1-PgH7567,CREC-2016-12-08,SPEAKING,H,114,C001076,"Chaffetz, Jason",UT,R,,"Chaffetz, Jason",,Mr. CHAFFETZ,Jason Chaffetz
CREC-2016-12-08-pt1-PgH7567-2,CREC-2016-12-08,,,,,,,,,,,,
CREC-2016-12-08-pt1-PgH7569,CREC-2016-12-08,,,,,,,,,,,,
CREC-2016-12-08-pt1-PgH7569-2,CREC-2016-12-08,,,,,,,,,,,,
CREC-2016-12-08-pt1-PgH7569-3,CREC-2016-12-08,,,,,,,,,,,,
CREC-2016-12-08-pt1-PgH7569-4,CREC-2016-12-08,,,,,,,,,,,,
CREC-2016-12-08-pt1-PgH7569-5,CREC-2016-12-08,,,,,,,,,,,,
CREC-2016-12-08-pt1-PgH7569-6,CREC-2016-12-08,,,,,,,,,,,,
CREC-2016-12-08-pt1-PgH7569-7,CREC-2016-12-08,,,,,,,,,,,,
CREC-2016-12-08-pt1-PgH7569-8,CREC-2016-12-08,,,,,,,,,,,,
CREC-2016-12-08-pt1-PgH7569-9,CREC-2016-12-08,,,,,,,,,,,,
CREC-2016-12-08-pt1-PgH7569-11,CREC-2016-12-08,,,,,,,,,,,,
CREC-2016-12-08-pt1-PgH7569-10,CREC-2016-12-08,,,,,,,,,,,,
CREC-2016-12-08-pt1-PgH7569-12,CREC-2016-12-08,,,,,,,,,,,,
CREC-2016-12-08-pt1-PgH7569-13,CREC-2016-12-08,,,,,,,,,,,,
CREC-2016-12-08-pt1-PgH7570,CREC-2016-12-08,,,,,,,,,,,,
CREC-2016-12-08-pt1-PgH7570-2,CREC-2016-12-08,,,,,,,,,,,,
CREC-2016-12-08-pt1-PgH7570-3,CREC-2016-12-08,,,,,,,,,,,,
CREC-2016-12-08-pt1-PgH7570-4,CREC-2016-12-08,,,,,,,,,,,,
CREC-2016-12-08-pt1-PgH7570-5,CREC-2016-12-08,,,,,,,,,,,,
CREC-2016-12-08-pt1-PgH7570-6,CREC-2016-12-08,,,,,,,,,,,,
CREC-2016-12-08-pt1-PgH7570-7,CREC-2016-12-08,,,,,,,,,,,,
CREC-2016-12-08-pt1-PgH7570-8,CREC-2016-12-08,,,,,,,,,,,,
CREC-2016-12-08-pt1-PgH7570-9,CREC-2016-12-08,,,,,,,,,,,,
CREC-2016-12-08-pt1-PgH7570-10,CREC-2016-12-08,,,,,,,,,,,,
CREC-2016-12-08-pt1-PgH7570-11,CREC-2016-12-08,,,,,,,,,,,,
CREC-2016-12-08-pt1-PgH7570-12,CREC-2016-12-08,,,,,,,,,,,,
CREC-2016-12-08-pt1-PgH7570-13,CREC-2016-12-08,,,,,,,,,,,,
CREC-2016-12-08-pt1-PgH7570-14,CREC-2016-12-08,,,,,,,,,,,,
CREC-2016-12-08-pt1-PgH7570-16,CREC-2016-12-08,,,,,,,,,,,,
CREC-2016-12-08-pt1-PgH7570-15,CREC-2016-12-08,,,,,,,,,,,,
CREC-2016-12-08-pt1-PgH7570-17,CREC-2016-12-08,,,,,,,,,,,,
CREC-2016-12-08-pt1-PgH7570-18,CREC-2016-12-08,,,,,,,,,,,,
CREC-2016-12-08-pt1-PgH7570-19,CREC-2016-12-08,,,,,,,,,,,,
CREC-2016-12-08-pt1-PgH7570-20,CREC-2016-12-08,,,,,,,,,,,,
CREC-2016-12-08-pt1-PgH7570-21,CREC-2016-12-08,,,,,,,,,,,,
CREC-2016-12-08-pt1-PgH7570-22,CREC-2016-12-08,,,,,,,,,,,,
CREC-2016-12-08-pt1-PgH7570-23,CREC-2016-12-08,,,,,,,,,,,,
CREC-2016-12-08-pt1-PgH7570-24,CREC-2016-12-08,,,,,,,,,,,,
CREC-2016-12-08-pt1-PgH7570-25,CREC-2016-12-08,,,,,,,,,,,,
CREC-2016-12-08-pt1-PgH7570-26,CREC-2016-12-08,,,,,,,,,,,,
CREC-2016-12-08-pt1-PgH7570-27,CREC-2016-12-08,,,,,,,,,,,,
CREC-2016-12-08-pt1-PgH7570-28,CREC-2016-12-08,,,,,,,,,,,,
CREC-2016-12-08-pt1-PgH7570-29,CREC-2016-12-08,,,,,,,,,,,,
CREC-2016-12-08-pt1-PgH7570-30,CREC-2016-12-08,,,,,,,,,,,,
CREC-2016-12-08-pt1-PgH7570-32,CREC-2016-12-08,,,,,,,,,,,,
CREC-2016-12-08-pt1-PgH7570-31,CREC-2016-12-08,,,,,,,,,,,,
CREC-2016-12-08-pt1-PgH7571,CREC-2016-12-08,,,,,,,,,,,,
CREC-2016-12-08-pt1-PgH7571-2,CREC-2016-12-08,,,,,,,,,,,,
CREC-2016-12-08-pt1-PgH7571-3,CREC-2016-12-08,,,,,,,,,,,,
CREC-2016-12-08-pt1-PgH7571-6,CREC-2016-12-08,,,,,,,,,,,,
CREC-2016-12-08-pt1-PgH7571-4,CREC-2016-12-08,,,,,,,,,,,,
CREC-2016-12-08-pt1-PgH7571-5,CREC-2016-12-08,,,,,,,,,,,,
CREC-2016-12-08-pt1-PgH7571-7,CREC-2016-12-08,,,,,,,,,,,,
CREC-2016-12-08-pt1-PgS-FrontMatter-8,CREC-2016-12-08,,,,,,,,,,,,
CREC-2016-12-08-pt1-PgS6849,CREC-2016-12-08,,,,,,,,,,,,
CREC-2016-12-08-pt1-PgS6849-2,CREC-2016-12-08,,,,,,,,,,,,
CREC-2016-12-08-pt1-PgS6849-4,CREC-2016-12-08,,,,,,,,,,,,
CREC-2016-12-08-pt1-PgS6849-3,CREC-2016-12-08,,,,,,,,,,,,
CREC-2016-12-08-pt1-PgS6849-6,CREC-2016-12-08,SPEAKING,S,114,M000355,"McConnell, Mitch",KY,R,,"McConnell, Mitch",,Mr. McCONNELL,Mitch McConnell
CREC-2016-12-08-pt1-PgS6849-5,CREC-2016-12-08,SPEAKING,S,114,M000355,"McConnell, Mitch",KY,R,,"McConnell, Mitch",,Mr. McCONNELL,Mitch McConnell
CREC-2016-12-08-pt1-PgS6850,CREC-2016-12-08,,,,,,,,,,,,
CREC-2016-12-08-pt1-PgS6850-2,CREC-2016-12-08,SPEAKING,S,114,R000146,"Reid, Harry",NV,D,,"Reid, Harry",Harry M. Reid,Mr. REID,Harry Reid
CREC-2016-12-08-pt1-PgS6850-3,CREC-2016-12-08,SPEAKING,S,114,R000146,"Reid, Harry",NV,D,,"Reid, Harry",Harry M. Reid,Mr. REID,Harry Reid
CREC-2016-12-08-pt1-PgS6850-3,CREC-2016-12-08,SPEAKING,S,114,H001041,"Heller, Dean",NV,R,,"Heller, Dean",,Mr. HELLER,Dean Heller
CREC-2016-12-08-pt1-PgS6862,CREC-2016-12-08,,,,,,,,,,,,
CREC-2016-12-08-pt1-PgS6873,CREC-2016-12-08,SPEAKING,S,114,F000444,"Flake, Jeff",AZ,R,,"Flake, Jeff",,Mr. FLAKE,Jeff Flake
CREC-2016-12-08-pt1-PgS6862-2,CREC-2016-12-08,SPEAKING,S,114,H001041,"Heller, Dean",NV,R,,"Heller, Dean",,Mr. HELLER,Dean Heller
CREC-2016-12-08-pt1-PgS6862-2,CREC-2016-12-08,SPEAKING,S,114,D000563,"Durbin, Richard J.",IL,D,,"Durbin, Richard J.",Richard Durbin,Mr. DURBIN,Richard J. Durbin
CREC-2016-12-08-pt1-PgS6862-2,CREC-2016-12-08,SPEAKING,S,114,B000711,"Boxer, Barbara",CA,D,,"Boxer, Barbara",,Mrs. BOXER,Barbara Boxer
CREC-2016-12-08-pt1-PgS6862-2,CREC-2016-12-08,SPEAKING,S,114,G000386,"Grassley, Chuck",IA,R,,"Grassley, Chuck",,Mr. GRASSLEY,Chuck Grassley
CREC-2016-12-08-pt1-PgS6862-2,CREC-2016-12-08,SPEAKING,S,114,K000360,"Kirk, Mark Steven",IL,R,,"Kirk, Mark Steven",Mark Steven Kirk,Mr. KIRK,Mark Kirk
CREC-2016-12-08-pt1-PgS6862-2,CREC-2016-12-08,SPEAKING,S,114,L000174,"Leahy, Patrick J.",VT,D,,"Leahy, Patrick J.",Patrick Leahy,Mr. LEAHY,Patrick J. Leahy
CREC-2016-12-08-pt1-PgS6862-2,CREC-2016-12-08,SPEAKING,S,114,C000141,"Cardin, Benjamin L.",MD,D,,"Cardin, Benjamin L.",Ben Cardin,Mr. CARDIN,Benjamin L. Cardin
CREC-2016-12-08-pt1-PgS6862-2,CREC-2016-12-08,SPEAKING,S,114,R000122,"Reed, Jack",RI,D,,"Reed, Jack",John Reed,Mr. REED,Jack Reed
CREC-2016-12-08-pt1-PgS6862-2,CREC-2016-12-08,SPEAKING,S,114,R000122,"Reed, Jack",RI,D,,"Reed, Jack",John F. Reed,Mr. REED,Jack Reed
CREC-2016-12-08-pt1-PgS6862-2,CREC-2016-12-08,SPEAKING,S,114,M000303,"McCain, John",AZ,R,,"McCain, John",John Sidney McCain,Mr. McCAIN,John McCain
CREC-2016-12-08-pt1-PgS6862-2,CREC-2016-12-08,SPEAKING,S,114,V000127,"Vitter, David",LA,R,,"Vitter, David",,Mr. VITTER,David Vitter
CREC-2016-12-08-pt1-PgS6862-2,CREC-2016-12-08,SPEAKING,S,114,E000285,"Enzi, Michael B.",WY,R,,"Enzi, Michael B.",Michael Enzi,Mr. ENZI,Michael B. Enzi
CREC-2016-12-08-pt1-PgS6862-2,CREC-2016-12-08,SPEAKING,S,114,C001056,"Cornyn, John",TX,R,,"Cornyn, John",,Mr. CORNYN,John Cornyn
CREC-2016-12-08-pt1-PgS6873-2,CREC-2016-12-08,SPEAKING,S,114,F000444,"Flake, Jeff",AZ,R,,"Flake, Jeff",,Mr. FLAKE,Jeff Flake
CREC-2016-12-08-pt1-PgS6873-3,CREC-2016-12-08,SPEAKING,S,114,F000444,"Flake, Jeff",AZ,R,,"Flake, Jeff",,Mr. FLAKE,Jeff Flake
CREC-2016-12-08-pt1-PgS6873-3,CREC-2016-12-08,SPEAKING,S,114,L000174,"Leahy, Patrick J.",VT,D,,"Leahy, Patrick J.",Patrick Leahy,Mr. LEAHY,Patrick J. Leahy
CREC-2016-12-08-pt1-PgS6874,CREC-2016-12-08,SPEAKING,S,114,L000174,"Leahy, Patrick J.",VT,D,,"Leahy, Patrick J.",Patrick Leahy,Mr. LEAHY,Patrick J. Leahy
CREC-2016-12-08-pt1-PgS6873-4,CREC-2016-12-08,SPEAKING,S,114,L000174,"Leahy, Patrick J.",VT,D,,"Leahy, Patrick J.",Patrick Leahy,Mr. LEAHY,Patrick J. Leahy
CREC-2016-12-08-pt1-PgS6874-2,CREC-2016-12-08,SPEAKING,S,114,L000174,"Leahy, Patrick J.",VT,D,,"Leahy, Patrick J.",Patrick Leahy,Mr. LEAHY,Patrick J. Leahy
CREC-2016-12-08-pt1-PgS6874-3,CREC-2016-12-08,SPEAKING,S,114,L000174,"Leahy, Patrick J.",VT,D,,"Leahy, Patrick J.",Patrick Leahy,Mr. LEAHY,Patrick J. Leahy
CREC-2016-12-08-pt1-PgS6874-4,CREC-2016-12-08,SPEAKING,S,114,L000174,"Leahy, Patrick J.",VT,D,,"Leahy, Patrick J.",Patrick Leahy,Mr. LEAHY,Patrick J. Leahy
CREC-2016-12-08-pt1-PgS6874-5,CREC-2016-12-08,SPEAKING,S,114,L000174,"Leahy, Patrick J.",VT,D,,"Leahy, Patrick J.",Patrick Leahy,Mr. LEAHY,Patrick J. Leahy
CREC-2016-12-08-pt1-PgS6874-5,CREC-2016-12-08,SPEAKING,S,114,T000461,"Toomey, Patrick",PA,R,,"Toomey, Patrick",Patrick Toomey,Mr. TOOMEY,Patrick J. Toomey
CREC-2016-12-08-pt1-PgS6874-6,CREC-2016-12-08,SPEAKING,S,114,T000461,"Toomey, Patrick",PA,R,,"Toomey, Patrick",Patrick Toomey,Mr. TOOMEY,Patrick J. Toomey
CREC-2016-12-08-pt1-PgS6874-6,CREC-2016-12-08,SPEAKING,S,114,H001046,"Heinrich, Martin",NM,D,,"Heinrich, Martin",,Mr. HEINRICH,Martin Heinrich
CREC-2016-12-08-pt1-PgS6876,CREC-2016-12-08,SPEAKING,S,114,H001046,"Heinrich, Martin",NM,D,,"Heinrich, Martin",,Mr. HEINRICH,Martin Heinrich
CREC-2016-12-08-pt1-PgS6876,CREC-2016-12-08,SPEAKING,S,114,H001042,"Hirono, Mazie K.",HI,D,,"Hirono, Mazie K.",Mazie Hirono,Ms. HIRONO,Mazie K. Hirono
CREC-2016-12-08-pt1-PgS6877,CREC-2016-12-08,SPEAKING,S,114,H001042,"Hirono, Mazie K.",HI,D,,"Hirono, Mazie K.",Mazie Hirono,Ms. HIRONO,Mazie K. Hirono
CREC-2016-12-08-pt1-PgS6878,CREC-2016-12-08,SPEAKING,S,114,C000141,"Cardin, Benjamin L.",MD,D,,"Cardin, Benjamin L.",Ben Cardin,Mr. CARDIN,Benjamin L. Cardin
CREC-2016-12-08-pt1-PgS6878,CREC-2016-12-08,SPEAKING,S,114,C001056,"Cornyn, John",TX,R,,"Cornyn, John",,Mr. CORNYN,John Cornyn
CREC-2016-12-08-pt1-PgS6879,CREC-2016-12-08,SPEAKING,S,114,C001056,"Cornyn, John",TX,R,,"Cornyn, John",,Mr. CORNYN,John Cornyn
CREC-2016-12-08-pt1-PgS6879-2,CREC-2016-12-08,SPEAKING,S,114,C001056,"Cornyn, John",TX,R,,"Cornyn, John",,Mr. CORNYN,John Cornyn
CREC-2016-12-08-pt1-PgS6880,CREC-2016-12-08,SPEAKING,S,114,C001056,"Cornyn, John",TX,R,,"Cornyn, John",,Mr. CORNYN,John Cornyn
CREC-2016-12-08-pt1-PgS6880,CREC-2016-12-08,SPEAKING,S,114,W000779,"Wyden, Ron",OR,D,,"Wyden, Ron",,Mr. WYDEN,Ron Wyden
CREC-2016-12-08-pt1-PgS6882,CREC-2016-12-08,SPEAKING,S,114,M000355,"McConnell, Mitch",KY,R,,"McConnell, Mitch",,Mr. McCONNELL,Mitch McConnell
CREC-2016-12-08-pt1-PgS6881,CREC-2016-12-08,SPEAKING,S,114,W000779,"Wyden, Ron",OR,D,,"Wyden, Ron",,Mr. WYDEN,Ron Wyden
CREC-2016-12-08-pt1-PgS6881,CREC-2016-12-08,SPEAKING,S,114,M001176,"Merkley, Jeff",OR,D,,"Merkley, Jeff",,Mr. MERKLEY,Jeff Merkley
CREC-2016-12-08-pt1-PgS6881,CREC-2016-12-08,SPEAKING,S,114,M000355,"McConnell, Mitch",KY,R,,"McConnell, Mitch",,Mr. McCONNELL,Mitch McConnell
CREC-2016-12-08-pt1-PgS6882-2,CREC-2016-12-08,SPEAKING,S,114,M000355,"McConnell, Mitch",KY,R,,"McConnell, Mitch",,Mr. McCONNELL,Mitch McConnell
CREC-2016-12-08-pt1-PgS6898,CREC-2016-12-08,SPEAKING,S,114,G000359,"Graham, Lindsey",SC,R,,"Graham, Lindsey",,Mr. GRAHAM,Lindsey Graham
CREC-2016-12-08-pt1-PgS6898,CREC-2016-12-08,SPEAKING,S,114,M000303,"McCain, John",AZ,R,,"McCain, John",John Sidney McCain,Mr. McCAIN,John McCain
CREC-2016-12-08-pt1-PgS6898,CREC-2016-12-08,SPEAKING,S,114,P000449,"Portman, Rob",OH,R,,"Portman, Rob",,Mr. PORTMAN,Rob Portman
CREC-2016-12-08-pt1-PgS6898,CREC-2016-12-08,SPEAKING,S,114,C000174,"Carper, Thomas R.",DE,D,,"Carper, Thomas R.",Thomas Carper,Mr. CARPER,Thomas R. Carper
CREC-2016-12-08-pt1-PgS6898,CREC-2016-12-08,SPEAKING,S,114,R000605,"Rounds, Mike",SD,R,,"Rounds, Mike",,Mr. ROUNDS,Mike Rounds
CREC-2016-12-08-pt1-PgS6882-3,CREC-2016-12-08,SPEAKING,S,114,M000355,"McConnell, Mitch",KY,R,,"McConnell, Mitch",,Mr. McCONNELL,Mitch McConnell
CREC-2016-12-08-pt1-PgS6882-3,CREC-2016-12-08,SPEAKING,S,114,E000285,"Enzi, Michael B.",WY,R,,"Enzi, Michael B.",Michael Enzi,Mr. ENZI,Michael B. Enzi
CREC-2016-12-08-pt1-PgS6882-3,CREC-2016-12-08,SPEAKING,S,114,C001035,"Collins, Susan M.",ME,R,,"Collins, Susan M.",Susan Collins,Ms. COLLINS,Susan M. Collins
CREC-2016-12-08-pt1-PgS6882-3,CREC-2016-12-08,SPEAKING,S,114,G000386,"Grassley, Chuck",IA,R,,"Grassley, Chuck",,Mr. GRASSLEY,Chuck Grassley
CREC-2016-12-08-pt1-PgS6882-3,CREC-2016-12-08,SPEAKING,S,114,L000174,"Leahy, Patrick J.",VT,D,,"Leahy, Patrick J.",Patrick Leahy,Mr. LEAHY,Patrick J. Leahy
CREC-2016-12-08-pt1-PgS6882-3,CREC-2016-12-08,SPEAKING,S,114,N000032,"Nelson, Bill",FL,D,,"Nelson, Bill",Clarence Nelson,Mr. NELSON,Bill Nelson
CREC-2016-12-08-pt1-PgS6882-3,CREC-2016-12-08,SPEAKING,S,114,N000032,"Nelson, Bill",FL,D,,"Nelson, Bill",Clarence William Nelson,Mr. NELSON,Bill Nelson
CREC-2016-12-08-pt1-PgS6882-3,CREC-2016-12-08,SPEAKING,S,114,M000639,"Menendez, Robert",NJ,D,,"Menendez, Robert",,Mr. MENENDEZ,Robert Menendez
CREC-2016-12-08-pt1-PgS6882-3,CREC-2016-12-08,SPEAKING,S,114,M001183,"Manchin, Joe, III",WV,D,,"Manchin, Joe, III",Joseph Manchin,Mr. MANCHIN,Joe Manchin III
CREC-2016-12-08-pt1-PgS6882-3,CREC-2016-12-08,SPEAKING,S,114,C000542,"Coats, Daniel",IN,R,,"Coats, Daniel",Daniel Ray Coats,Mr. COATS,Daniel Coats
CREC-2016-12-08-pt1-PgS6882-3,CREC-2016-12-08,SPEAKING,S,114,D000607,"Donnelly, Joe",IN,D,,"Donnelly, Joe",,Mr. DONNELLY,Joe Donnelly
CREC-2016-12-08-pt1-PgS6882-3,CREC-2016-12-08,SPEAKING,S,114,C000127,"Cantwell, Maria",WA,D,,"Cantwell, Maria",,Ms. CANTWELL,Maria Cantwell
CREC-2016-12-08-pt1-PgS6882-3,CREC-2016-12-08,SPEAKING,S,114,M001153,"Murkowski, Lisa",AK,R,,"Murkowski, Lisa",,Ms. MURKOWSKI,Lisa Murkowski
CREC-2016-12-08-pt1-PgS6882-3,CREC-2016-12-08,SPEAKING,S,114,B000944,"Brown, Sherrod",OH,D,,"Brown, Sherrod",,Mr. BROWN,Sherrod Brown
CREC-2016-12-08-pt1-PgS6907,CREC-2016-12-08,SPEAKING,S,114,L000174,"Leahy, Patrick J.",VT,D,,"Leahy, Patrick J.",Patrick Leahy,Mr. LEAHY,Patrick J. Leahy
CREC-2016-12-08-pt1-PgS6908,CREC-2016-12-08,SPEAKING,S,114,L000174,"Leahy, Patrick J.",VT,D,,"Leahy, Patrick J.",Patrick Leahy,Mr. LEAHY,Patrick J. Leahy
CREC-2016-12-08-pt1-PgS6908-2,CREC-2016-12-08,SPEAKING,S,114,L000174,"Leahy, Patrick J.",VT,D,,"Leahy, Patrick J.",Patrick Leahy,Mr. LEAHY,Patrick J. Leahy
CREC-2016-12-08-pt1-PgS6910,CREC-2016-12-08,SPEAKING,S,114,L000174,"Leahy, Patrick J.",VT,D,,"Leahy, Patrick J.",Patrick Leahy,Mr. LEAHY,Patrick J. Leahy
CREC-2016-12-08-pt1-PgS6910-2,CREC-2016-12-08,SPEAKING,S,114,C001035,"Collins, Susan M.",ME,R,,"Collins, Susan M.",Susan Collins,Ms. COLLINS,Susan M. Collins
CREC-2016-12-08-pt1-PgS6910-2,CREC-2016-12-08,SPEAKING,S,114,N000032,"Nelson, Bill",FL,D,,"Nelson, Bill",Clarence Nelson,Mr. NELSON,Bill Nelson
CREC-2016-12-08-pt1-PgS6910-2,CREC-2016-12-08,SPEAKING,S,114,N000032,"Nelson, Bill",FL,D,,"Nelson, Bill",Clarence William Nelson,Mr. NELSON,Bill Nelson
CREC-2016-12-08-pt1-PgS6910-2,CREC-2016-12-08,SPEAKING,S,114,H001042,"Hirono, Mazie K.",HI,D,,"Hirono, Mazie K.",Mazie Hirono,Ms. HIRONO,Mazie K. Hirono
CREC-2016-12-08-pt1-PgS6911,CREC-2016-12-08,SPEAKING,S,114,M000702,"Mikulski, Barbara A.",MD,D,,"Mikulski, Barbara A.",Barbara Mikulski,Ms. MIKULSKI,Barbara A. Mikulski
CREC-2016-12-08-pt1-PgS6911,CREC-2016-12-08,SPEAKING,S,114,M000702,"Mikulski, Barbara A.",MD,D,,"Mikulski, Barbara A.",Barbara Ann Mikulski,Ms. MIKULSKI,Barbara A. Mikulski
CREC-2016-12-08-pt1-PgS6912,CREC-2016-12-08,SPEAKING,S,114,C001035,"Collins, Susan M.",ME,R,,"Collins, Susan M.",Susan Collins,Ms. COLLINS,Susan M. Collins
CREC-2016-12-08-pt1-PgS6912-2,CREC-2016-12-08,SPEAKING,S,114,H001069,"Heitkamp, Heidi",ND,D,,"Heitkamp, Heidi",Heidi Heitkamp,Ms. HEITKAMP,Heidi Heitkamp
CREC-2016-12-08-pt1-PgS6913,CREC-2016-12-08,SPEAKING,S,114,H001069,"Heitkamp, Heidi",ND,D,,"Heitkamp, Heidi",Heidi Heitkamp,Ms. HEITKAMP,Heidi Heitkamp
CREC-2016-12-08-pt1-PgS6913-2,CREC-2016-12-08,SPEAKING,S,114,G000359,"Graham, Lindsey",SC,R,,"Graham, Lindsey",,Mr. GRAHAM,Lindsey Graham
CREC-2016-12-08-pt1-PgS6913-3,CREC-2016-12-08,SPEAKING,S,114,C000127,"Cantwell, Maria",WA,D,,"Cantwell, Maria",,Ms. CANTWELL,Maria Cantwell
CREC-2016-12-08-pt1-PgS6914,CREC-2016-12-08,SPEAKING,S,114,B000711,"Boxer, Barbara",CA,D,,"Boxer, Barbara",,Mrs. BOXER,Barbara Boxer
CREC-2016-12-08-pt1-PgS6915,CREC-2016-12-08,SPEAKING,S,114,H001069,"Heitkamp, Heidi",ND,D,,"Heitkamp, Heidi",Heidi Heitkamp,Ms. HEITKAMP,Heidi Heitkamp
CREC-2016-12-08-pt1-PgS6915-2,CREC-2016-12-08,SPEAKING,S,114,B000711,"Boxer, Barbara",CA,D,,"Boxer, Barbara",,Mrs. BOXER,Barbara Boxer
CREC-2016-12-08-pt1-PgS6915-2,CREC-2016-12-08,SPEAKING,S,114,M001111,"Murray, Patty",WA,D,,"Murray, Patty",,Mrs. MURRAY,Patty Murray
CREC-2016-12-08-pt1-PgS6916,CREC-2016-12-08,SPEAKING,S,114,W000802,"Whitehouse, Sheldon",RI,D,,"Whitehouse, Sheldon",,Mr. WHITEHOUSE,Sheldon Whitehouse
CREC-2016-12-08-pt1-PgS6916-2,CREC-2016-12-08,SPEAKING,S,114,D000618,"Daines, Steve",MT,R,,"Daines, Steve",,Mr. DAINES,Steve Daines
CREC-2016-12-08-pt1-PgS6917,CREC-2016-12-08,SPEAKING,S,114,D000618,"Daines, Steve",MT,R,,"Daines, Steve",,Mr. DAINES,Steve Daines
CREC-2016-12-08-pt1-PgS6917-2,CREC-2016-12-08,SPEAKING,S,114,N000032,"Nelson, Bill",FL,D,,"Nelson, Bill",Clarence Nelson,Mr. NELSON,Bill Nelson
CREC-2016-12-08-pt1-PgS6917-2,CREC-2016-12-08,SPEAKING,S,114,N000032,"Nelson, Bill",FL,D,,"Nelson, Bill",Clarence William Nelson,Mr. NELSON,Bill Nelson
CREC-2016-12-08-pt1-PgS6917-3,CREC-2016-12-08,SPEAKING,S,114,U000039,"Udall, Tom",NM,D,,"Udall, Tom",,Mr. UDALL,Tom Udall
CREC-2016-12-08-pt1-PgS6918,CREC-2016-12-08,SPEAKING,S,114,U000039,"Udall, Tom",NM,D,,"Udall, Tom",,Mr. UDALL,Tom Udall
CREC-2016-12-08-pt1-PgS6919,CREC-2016-12-08,SPEAKING,S,114,V000127,"Vitter, David",LA,R,,"Vitter, David",,Mr. VITTER,David Vitter
CREC-2016-12-08-pt1-PgS6918-2,CREC-2016-12-08,SPEAKING,S,114,V000127,"Vitter, David",LA,R,,"Vitter, David",,Mr. VITTER,David Vitter
CREC-2016-12-08-pt1-PgS6919-2,CREC-2016-12-08,SPEAKING,S,114,V000127,"Vitter, David",LA,R,,"Vitter, David",,Mr. VITTER,David Vitter
CREC-2016-12-08-pt1-PgS6919-3,CREC-2016-12-08,,,,,,,,,,,,
CREC-2016-12-08-pt1-PgS6919-4,CREC-2016-12-08,,,,,,,,,,,,
CREC-2016-12-08-pt1-PgS6920,CREC-2016-12-08,,,,,,,,,,,,
CREC-2016-12-08-pt1-PgS6921,CREC-2016-12-08,,,,,,,,,,,,
CREC-2016-12-08-pt1-PgS6921-2,CREC-2016-12-08,,,,,,,,,,,,
CREC-2016-12-08-pt1-PgS6922,CREC-2016-12-08,,,,,,,,,,,,
CREC-2016-12-08-pt1-PgS6921-3,CREC-2016-12-08,,,,,,,,,,,,
CREC-2016-12-08-pt1-PgS6922-2,CREC-2016-12-08,,,,,,,,,,,,
CREC-2016-12-08-pt1-PgS6923,CREC-2016-12-08,,,,,,,,,,,,
CREC-2016-12-08-pt1-PgS6924,CREC-2016-12-08,SPEAKING,S,114,S001194,"Schatz, Brian",HI,D,,"Schatz, Brian",,Mr. SCHATZ,Brian Schatz
CREC-2016-12-08-pt1-PgS6924,CREC-2016-12-08,SPEAKING,S,114,C000141,"Cardin, Benjamin L.",MD,D,,"Cardin, Benjamin L.",Ben Cardin,Mr. CARDIN,Benjamin L. Cardin
CREC-2016-12-08-pt1-PgS6924-2,CREC-2016-12-08,SPEAKING,S,114,S001194,"Schatz, Brian",HI,D,,"Schatz, Brian",,Mr. SCHATZ,Brian Schatz
CREC-2016-12-08-pt1-PgS6924-2,CREC-2016-12-08,SPEAKING,S,114,C000141,"Cardin, Benjamin L.",MD,D,,"Cardin, Benjamin L.",Ben Cardin,Mr. CARDIN,Benjamin L. Cardin
CREC-2016-12-08-pt1-PgS6927,CREC-2016-12-08,,,,,,,,,,,,
CREC-2016-12-08-pt1-PgS6927-2,CREC-2016-12-08,,,,,,,,,,,,
CREC-2016-12-08-pt1-PgS6927-3,CREC-2016-12-08,SPEAKING,S,114,M000355,"McConnell, Mitch",KY,R,,"McConnell, Mitch",,Mr. McCONNELL,Mitch McConnell
CREC-2016-12-08-pt1-PgS6927-4,CREC-2016-12-08,SPEAKING,S,114,M000355,"McConnell, Mitch",KY,R,,"McConnell, Mitch",,Mr. McCONNELL,Mitch McConnell
CREC-2016-12-08-pt1-PgS6927-5,CREC-2016-12-08,SPEAKING,S,114,M000355,"McConnell, Mitch",KY,R,,"McConnell, Mitch",,Mr. McCONNELL,Mitch McConnell
CREC-2016-12-08-pt1-PgS6927-6,CREC-2016-12-08,SPEAKING,S,114,M000355,"McConnell, Mitch",KY,R,,"McConnell, Mitch",,Mr. McCONNELL,Mitch McConnell
CREC-2016-12-08-pt1-PgS6927-7,CREC-2016-12-08,SPEAKING,S,114,M000355,"McConnell, Mitch",KY,R,,"McConnell, Mitch",,Mr. McCONNELL,Mitch McConnell
CREC-2016-12-08-pt1-PgS6927-8,CREC-2016-12-08,SPEAKING,S,114,M000355,"McConnell, Mitch",KY,R,,"McConnell, Mitch",,Mr. McCONNELL,Mitch McConnell
CREC-2016-12-08-pt1-PgS6927-9,CREC-2016-12-08,SPEAKING,S,114,M000355,"McConnell, Mitch",KY,R,,"McConnell, Mitch",,Mr. McCONNELL,Mitch McConnell
CREC-2016-12-08-pt1-PgS6927-10,CREC-2016-12-08,SPEAKING,S,114,M000355,"McConnell, Mitch",KY,R,,"McConnell, Mitch",,Mr. McCONNELL,Mitch McConnell
CREC-2016-12-08-pt1-PgS6927-11,CREC-2016-12-08,SPEAKING,S,114,M000355,"McConnell, Mitch",KY,R,,"McConnell, Mitch",,Mr. McCONNELL,Mitch McConnell
CREC-2016-12-08-pt1-PgS6927-12,CREC-2016-12-08,SPEAKING,S,114,M000355,"McConnell, Mitch",KY,R,,"McConnell, Mitch",,Mr. McCONNELL,Mitch McConnell
CREC-2016-12-08-pt1-PgS6928,CREC-2016-12-08,SPEAKING,S,114,B001230,"Baldwin, Tammy",WI,D,,"Baldwin, Tammy",,Ms. BALDWIN,Tammy Baldwin
CREC-2016-12-08-pt1-PgS6928-2,CREC-2016-12-08,SPEAKING,S,114,H001041,"Heller, Dean",NV,R,,"Heller, Dean",,Mr. HELLER,Dean Heller
CREC-2016-12-08-pt1-PgS6928-3,CREC-2016-12-08,SPEAKING,S,114,V000127,"Vitter, David",LA,R,,"Vitter, David",,Mr. VITTER,David Vitter
CREC-2016-12-08-pt1-PgS6929,CREC-2016-12-08,SPEAKING,S,114,M000355,"McConnell, Mitch",KY,R,,"McConnell, Mitch",,Mr. McCONNELL,Mitch McConnell
CREC-2016-12-08-pt1-PgS6928-4,CREC-2016-12-08,SPEAKING,S,114,R000122,"Reed, Jack",RI,D,,"Reed, Jack",John Reed,Mr. REED,Jack Reed
CREC-2016-12-08-pt1-PgS6928-4,CREC-2016-12-08,SPEAKING,S,114,R000122,"Reed, Jack",RI,D,,"Reed, Jack",John F. Reed,Mr. REED,Jack Reed
CREC-2016-12-08-pt1-PgS6928-4,CREC-2016-12-08,SPEAKING,S,114,I000055,"Isakson, Johnny",GA,R,,"Isakson, Johnny",,Mr. ISAKSON,Johnny Isakson
CREC-2016-12-08-pt1-PgS6929-2,CREC-2016-12-08,SPEAKING,S,114,M000355,"McConnell, Mitch",KY,R,,"McConnell, Mitch",,Mr. McCONNELL,Mitch McConnell
CREC-2016-12-08-pt1-PgE1635-2,CREC-2016-12-08,SPEAKING,H,114,R000570,"Ryan, Paul D.",WI,R,,"Ryan, Paul D.",Paul Ryan,Mr. RYAN of Wisconsin,Paul D. Ryan
CREC-2016-12-08-pt1-PgE1635-3,CREC-2016-12-08,SPEAKING,H,114,P000592,"Poe, Ted",TX,R,,"Poe, Ted",,Mr. POE of Texas,Ted Poe
CREC-2016-12-08-pt1-PgE1635-4,CREC-2016-12-08,SPEAKING,H,114,V000108,"Visclosky, Peter J.",IN,D,,"Visclosky, Peter J.",Peter Visclosky,Mr. VISCLOSKY,Peter J. Visclosky
CREC-2016-12-08-pt1-PgE1636,CREC-2016-12-08,SPEAKING,H,114,W000806,"Webster, Daniel",FL,R,,"Webster, Daniel",,Mr. WEBSTER of Florida,Daniel Webster
CREC-2016-12-08-pt1-PgE1636-2,CREC-2016-12-08,SPEAKING,H,114,H001072,"Hill, J. French",AR,R,,"Hill, J. French",J. Hill,Mr. HILL,J. French Hill
CREC-2016-12-08-pt1-PgE1636-3,CREC-2016-12-08,SPEAKING,H,114,T000468,"Titus, Dina",NV,D,,"Titus, Dina",,Ms. TITUS,Dina Titus
CREC-2016-12-08-pt1-PgE1636-4,CREC-2016-12-08,SPEAKING,H,114,H001068,"Huffman, Jared",CA,D,,"Huffman, Jared",,Mr. HUFFMAN,Jared Huffman
CREC-2016-12-08-pt1-PgE1637,CREC-2016-12-08,SPEAKING,H,114,R000577,"Ryan, Tim",OH,D,,"Ryan, Tim",,Mr. RYAN of Ohio,Tim Ryan
CREC-2016-12-08-pt1-PgE1637-2,CREC-2016-12-08,SPEAKING,H,114,S001154,"Shuster, Bill",PA,R,,"Shuster, Bill",,Mr. SHUSTER,Bill Shuster
CREC-2016-12-08-pt1-PgE1637-3,CREC-2016-12-08,SPEAKING,H,114,C001106,"Costello, Ryan A.",PA,R,,"Costello, Ryan A.",Ryan Costello,Mr. COSTELLO of Pennsylvania,Ryan A. Costello
CREC-2016-12-08-pt1-PgE1637-4,CREC-2016-12-08,SPEAKING,H,114,G000558,"Guthrie, Brett",KY,R,,"Guthrie, Brett",,Mr. GUTHRIE,Brett Guthrie
CREC-2016-12-08-pt1-PgE1637-5,CREC-2016-12-08,SPEAKING,H,114,K000386,"Katko, John",NY,R,,"Katko, John",,Mr. KATKO,John Katko
CREC-2016-12-08-pt1-PgE1638,CREC-2016-12-08,SPEAKING,H,114,B001248,"Burgess, Michael C.",TX,R,,"Burgess, Michael C.",Michael Burgess,Mr. BURGESS,Michael C. Burgess
CREC-2016-12-08-pt1-PgE1638-3,CREC-2016-12-08,SPEAKING,H,114,S001148,"Simpson, Michael K.",ID,R,,"Simpson, Michael K.",Michael Simpson,Mr. SIMPSON,Michael K. Simpson
CREC-2016-12-08-pt1-PgE1638-2,CREC-2016-12-08,SPEAKING,H,114,G000546,"Graves, Sam",MO,R,,"Graves, Sam",,Mr. GRAVES of Missouri,Sam Graves
CREC-2016-12-08-pt1-PgE1638-4,CREC-2016-12-08,SPEAKING,H,114,W000800,"Welch, Peter",VT,D,,"Welch, Peter",,Mr. WELCH,Peter Welch
CREC-2016-12-08-pt1-PgE1638-5,CREC-2016-12-08,SPEAKING,H,114,H001060,"Hurt, Robert",VA,R,,"Hurt, Robert",,Mr. HURT of Virginia,Robert Hurt
CREC-2016-12-08-pt1-PgE1638-6,CREC-2016-12-08,SPEAKING,H,114,G000546,"Graves, Sam",MO,R,,"Graves, Sam",,Mr. GRAVES of Missouri,Sam Graves
CREC-2016-12-08-pt1-PgE1639,CREC-2016-12-08,SPEAKING,H,114,S001185,"Sewell, Terri A.",AL,D,,"Sewell, Terri A.",Terri Sewell,Ms. SEWELL of Alabama,Terri A. Sewell
CREC-2016-12-08-pt1-PgE1639-2,CREC-2016-12-08,SPEAKING,H,114,W000795,"Wilson, Joe",SC,R,,"Wilson, Joe",,Mr. WILSON of South Carolina,Joe Wilson
CREC-2016-12-08-pt1-PgE1639-3,CREC-2016-12-08,SPEAKING,H,114,D000096,"Davis, Danny K.",IL,D,,"Davis, Danny K.",Danny Davis,Mr. DANNY K. DAVIS of Illinois,Danny K. Davis
CREC-2016-12-08-pt1-PgE1639-4,CREC-2016-12-08,SPEAKING,H,114,G000556,"Grayson, Alan",FL,D,,"Grayson, Alan",,Mr. GRAYSON,Alan Grayson
CREC-2016-12-08-pt1-PgE1639-5,CREC-2016-12-08,SPEAKING,H,114,S001185,"Sewell, Terri A.",AL,D,,"Sewell, Terri A.",Terri Sewell,Ms. SEWELL of Alabama,Terri A. Sewell
CREC-2016-12-08-pt1-PgE1640-3,CREC-2016-12-08,SPEAKING,H,114,S000248,"Serrano, Jose E.",NY,D,,"Serrano, Jose E.",Jose Serrano,Mr. SERRANO,Jose E. Serrano
CREC-2016-12-08-pt1-PgE1640,CREC-2016-12-08,SPEAKING,H,114,M001163,"Matsui, Doris O.",CA,D,,"Matsui, Doris O.",Doris Matsui,Ms. MATSUI,Doris O. Matsui
CREC-2016-12-08-pt1-PgE1640-2,CREC-2016-12-08,SPEAKING,H,114,V000130,"Vargas, Juan",CA,D,,"Vargas, Juan",,Mr. VARGAS,Juan Vargas
CREC-2016-12-08-pt1-PgE1641,CREC-2016-12-08,SPEAKING,H,114,K000009,"Kaptur, Marcy",OH,D,,"Kaptur, Marcy",,Ms. KAPTUR,Marcy Kaptur
CREC-2016-12-08-pt1-PgE1641-2,CREC-2016-12-08,SPEAKING,H,114,C001077,"Coffman, Mike",CO,R,,"Coffman, Mike",,Mr. COFFMAN,Mike Coffman
CREC-2016-12-08-pt1-PgE1641-3,CREC-2016-12-08,SPEAKING,H,114,D000191,"DeFazio, Peter A.",OR,D,,"DeFazio, Peter A.",Peter DeFazio,Mr. DeFAZIO,Peter A. DeFazio
CREC-2016-12-08-pt1-PgE1641-4,CREC-2016-12-08,SPEAKING,H,114,V000131,"Veasey, Marc A.",TX,D,,"Veasey, Marc A.",Marc Veasey,Mr. VEASEY,Marc A. Veasey
CREC-2016-12-08-pt1-PgE1642,CREC-2016-12-08,SPEAKING,H,114,B001270,"Bass, Karen",CA,D,,"Bass, Karen",,Ms. BASS,Karen Bass
CREC-2016-12-08-pt1-PgE1642-3,CREC-2016-12-08,SPEAKING,H,114,T000460,"Thompson, Mike",CA,D,,"Thompson, Mike",,Mr. THOMPSON of California,Mike Thompson
CREC-2016-12-08-pt1-PgE1642-2,CREC-2016-12-08,SPEAKING,H,114,R000487,"Royce, Edward R.",CA,R,,"Royce, Edward R.",Ed Royce,Mr. ROYCE,Edward R. Royce
CREC-2016-12-08-pt1-PgE1642-4,CREC-2016-12-08,SPEAKING,H,114,R000487,"Royce, Edward R.",CA,R,,"Royce, Edward R.",Ed Royce,Mr. ROYCE,Edward R. Royce
CREC-2016-12-08-pt1-PgE1643,CREC-2016-12-08,SPEAKING,H,114,W000813,"Walorski, Jackie",IN,R,,"Walorski, Jackie",,Mrs. WALORSKI,Jackie Walorski
CREC-2016-12-08-pt1-PgE1643-2,CREC-2016-12-08,SPEAKING,H,114,W000795,"Wilson, Joe",SC,R,,"Wilson, Joe",,Mr. WILSON of South Carolina,Joe Wilson
CREC-2016-12-08-pt1-PgE1643-3,CREC-2016-12-08,SPEAKING,H,114,C000266,"Chabot, Steve",OH,R,,"Chabot, Steve",,Mr. CHABOT,Steve Chabot
CREC-2016-12-08-pt1-PgE1644,CREC-2016-12-08,SPEAKING,H,114,L000582,"Lieu, Ted",CA,D,,"Lieu, Ted",,Mr. TED LIEU of California,Ted Lieu
CREC-2016-12-08-pt1-PgE1644-2,CREC-2016-12-08,SPEAKING,H,114,M001194,"Moolenaar, John R.",MI,R,,"Moolenaar, John R.",John Moolenaar,Mr. MOOLENAAR,John R. Moolenaar
CREC-2016-12-08-pt1-PgE1644-3,CREC-2016-12-08,SPEAKING,H,114,C001078,"Connolly, Gerald E.",VA,D,,"Connolly, Gerald E.",Gerald Connolly,Mr. CONNOLLY,Gerald E. Connolly
CREC-2016-12-08-pt1-PgE1644-4,CREC-2016-12-08,SPEAKING,H,114,S001189,"Scott, Austin",GA,R,,"Scott, Austin",,Mr. AUSTIN SCOTT of Georgia,Austin Scott
CREC-2016-12-08-pt1-PgE1644-5,CREC-2016-12-08,SPEAKING,H,114,J000289,"Jordan, Jim",OH,R,,"Jordan, Jim",,Mr. JORDAN,Jim Jordan
CREC-2016-12-08-pt1-PgE1645,CREC-2016-12-08,SPEAKING,H,114,G000556,"Grayson, Alan",FL,D,,"Grayson, Alan",,Mr. GRAYSON,Alan Grayson
CREC-2016-12-08-pt1-PgE1645-2,CREC-2016-12-08,SPEAKING,H,114,C001103,"Carter, Earl L. ""Buddy""",GA,R,,"Carter, Earl L. ""Buddy""",Earl Carter,Mr. CARTER of Georgia,"Earl L. ""Buddy"" Carter"
CREC-2016-12-08-pt1-PgE1645-3,CREC-2016-12-08,SPEAKING,H,114,C001061,"Cleaver, Emanuel",MO,D,,"Cleaver, Emanuel",,Mr. CLEAVER,Emanuel Cleaver
CREC-2016-12-08-pt1-PgE1646,CREC-2016-12-08,SPEAKING,H,114,M001160,"Moore, Gwen",WI,D,,"Moore, Gwen",,Ms. MOORE,Gwen Moore
CREC-2016-12-08-pt1-PgE1646-2,CREC-2016-12-08,SPEAKING,H,114,C001091,"Castro, Joaquin",TX,D,,"Castro, Joaquin",,Mr. CASTRO of Texas,Joaquin Castro
CREC-2016-12-08-pt1-PgE1646-3,CREC-2016-12-08,SPEAKING,H,114,T000460,"Thompson, Mike",CA,D,,"Thompson, Mike",,Mr. THOMPSON of California,Mike Thompson
CREC-2016-12-08-pt1-PgE1646-4,CREC-2016-12-08,SPEAKING,H,114,W000813,"Walorski, Jackie",IN,R,,"Walorski, Jackie",,Mrs. WALORSKI,Jackie Walorski
CREC-2016-12-08-pt1-PgE1647,CREC-2016-12-08,SPEAKING,H,114,L000563,"Lipinski, Daniel",IL,D,,"Lipinski, Daniel",Daniel William Lipinski,Mr. LIPINSKI,Daniel Lipinski
CREC-2016-12-08-pt1-PgE1647-2,CREC-2016-12-08,SPEAKING,H,114,W000821,"Westerman, Bruce",AR,R,,"Westerman, Bruce",,Mr. WESTERMAN,Bruce Westerman
CREC-2016-12-08-pt1-PgE1647-3,CREC-2016-12-08,SPEAKING,H,114,J000297,"Jenkins, Evan H.",WV,R,,"Jenkins, Evan H.",Evan Jenkins,Mr. JENKINS of West Virginia,Evan H. Jenkins
CREC-2016-12-08-pt1-PgE1647-4,CREC-2016-12-08,SPEAKING,H,114,M000689,"Mica, John L.",FL,R,,"Mica, John L.",John Mica,Mr. MICA,John L. Mica
CREC-2016-12-08-pt1-PgE1648,CREC-2016-12-08,SPEAKING,H,114,M001194,"Moolenaar, John R.",MI,R,,"Moolenaar, John R.",John Moolenaar,Mr. MOOLENAAR,John R. Moolenaar
CREC-2016-12-08-pt1-PgE1648-2,CREC-2016-12-08,SPEAKING,H,114,J000032,"Jackson Lee, Sheila",TX,D,,"Jackson Lee, Sheila",,Ms. JACKSON LEE,Sheila Jackson Lee
CREC-2016-12-08-pt1-PgE1648-4,CREC-2016-12-08,SPEAKING,H,114,B001286,"Bustos, Cheri",IL,D,,"Bustos, Cheri",,Mrs. BUSTOS,Cheri Bustos
CREC-2016-12-08-pt1-PgE1648-3,CREC-2016-12-08,SPEAKING,H,114,M001144,"Miller, Jeff",FL,R,,"Miller, Jeff",,Mr. MILLER of Florida,Jeff Miller
CREC-2016-12-08-pt1-PgE1649,CREC-2016-12-08,SPEAKING,H,114,,,,,,,,Mrs. McMORRIS RODGERS,
CREC-2016-12-08-pt1-PgE1649-3,CREC-2016-12-08,SPEAKING,H,114,H001071,"Hice, Jody B.",GA,R,,"Hice, Jody B.",Jody Hice,Mr. JODY B. HICE of Georgia,Jody B. Hice
CREC-2016-12-08-pt1-PgE1649-2,CREC-2016-12-08,SPEAKING,H,114,D000614,"Duffy, Sean P.",WI,R,,"Duffy, Sean P.",Sean Duffy,Mr. DUFFY,Sean P. Duffy
CREC-2016-12-08-pt1-PgE1649-4,CREC-2016-12-08,SPEAKING,H,114,L000563,"Lipinski, Daniel",IL,D,,"Lipinski, Daniel",Daniel William Lipinski,Mr. LIPINSKI,Daniel Lipinski
CREC-2016-12-08-pt1-PgE1649-5,CREC-2016-12-08,SPEAKING,H,114,M001158,"Marchant, Kenny",TX,R,,"Marchant, Kenny",,Mr. MARCHANT,Kenny Marchant
CREC-2016-12-08-pt1-PgE1650,CREC-2016-12-08,SPEAKING,H,114,C000059,"Calvert, Ken",CA,R,,"Calvert, Ken",,Mr. CALVERT,Ken Calvert
CREC-2016-12-08-pt1-PgE1650-3,CREC-2016-12-08,SPEAKING,H,114,D000191,"DeFazio, Peter A.",OR,D,,"DeFazio, Peter A.",Peter DeFazio,Mr. DeFAZIO,Peter A. DeFazio
CREC-2016-12-08-pt1-PgE1650-2,CREC-2016-12-08,SPEAKING,H,114,J000296,"Jolly, David W.",FL,R,,"Jolly, David W.",David Jolly,Mr. JOLLY,David W. Jolly
CREC-2016-12-08-pt1-PgE1651,CREC-2016-12-08,SPEAKING,H,114,G000556,"Grayson, Alan",FL,D,,"Grayson, Alan",,Mr. GRAYSON,Alan Grayson
CREC-2016-12-08-pt1-PgE1651-2,CREC-2016-12-08,SPEAKING,H,114,S000248,"Serrano, Jose E.",NY,D,,"Serrano, Jose E.",Jose Serrano,Mr. SERRANO,Jose E. Serrano
CREC-2016-12-08-pt1-PgE1651-3,CREC-2016-12-08,SPEAKING,H,114,M001194,"Moolenaar, John R.",MI,R,,"Moolenaar, John R.",John Moolenaar,Mr. MOOLENAAR,John R. Moolenaar
CREC-2016-12-08-pt1-PgE1651-4,CREC-2016-12-08,SPEAKING,H,114,B001286,"Bustos, Cheri",IL,D,,"Bustos, Cheri",,Mrs. BUSTOS,Cheri Bustos
CREC-2016-12-08-pt1-PgE1651-5,CREC-2016-12-08,SPEAKING,H,114,M001160,"Moore, Gwen",WI,D,,"Moore, Gwen",,Ms. MOORE,Gwen Moore
CREC-2016-12-08-pt1-PgE1652,CREC-2016-12-08,SPEAKING,H,114,L000585,"LaHood, Darin",IL,R,,"LaHood, Darin",,Mr. LaHOOD,Darin LaHood
CREC-2016-12-08-pt1-PgE1652-2,CREC-2016-12-08,SPEAKING,H,114,S000583,"Smith, Lamar",TX,R,,"Smith, Lamar",,Mr. SMITH of Texas,Lamar Smith
CREC-2016-12-08-pt1-PgE1652-3,CREC-2016-12-08,SPEAKING,H,114,T000460,"Thompson, Mike",CA,D,,"Thompson, Mike",,Mr. THOMPSON of California,Mike Thompson
CREC-2016-12-08-pt1-PgE1652-4,CREC-2016-12-08,SPEAKING,H,114,C001103,"Carter, Earl L. ""Buddy""",GA,R,,"Carter, Earl L. ""Buddy""",Earl Carter,Mr. CARTER of Georgia,"Earl L. ""Buddy"" Carter"
CREC-2016-12-08-pt1-PgE1652-5,CREC-2016-12-08,SPEAKING,H,114,N000188,"Norcross, Donald",NJ,D,,"Norcross, Donald",,Mr. NORCROSS,Donald Norcross
CREC-2016-12-08-pt1-PgE1653,CREC-2016-12-08,SPEAKING,H,114,B000490,"Bishop, Sanford D.",GA,D,,"Bishop, Sanford D.",Sanford Bishop,Mr. BISHOP of Georgia,"Sanford D. Bishop, Jr."
CREC-2016-12-08-pt1-PgE1653,CREC-2016-12-08,SPEAKING,H,114,B000490,"Bishop, Sanford D.",GA,D,,"Bishop, Sanford D.",Sanford D. Bishop,Mr. BISHOP of Georgia,"Sanford D. Bishop, Jr."
CREC-2016-12-08-pt1-PgE1653-2,CREC-2016-12-08,SPEAKING,H,114,R000578,"Reichert, David G.",WA,R,,"Reichert, David G.",David Reichert,Mr. REICHERT,David G. Reichert
CREC-2016-12-08-pt1-PgE1653-3,CREC-2016-12-08,SPEAKING,H,114,S000248,"Serrano, Jose E.",NY,D,,"Serrano, Jose E.",Jose Serrano,Mr. SERRANO,Jose E. Serrano
CREC-2016-12-08-pt1-PgE1654,CREC-2016-12-08,SPEAKING,H,114,B000911,"Brown, Corrine",FL,D,,"Brown, Corrine",,Ms. BROWN of Florida,Corrine Brown
CREC-2016-12-08-pt1-PgE1655,CREC-2016-12-08,SPEAKING,H,114,C001078,"Connolly, Gerald E.",VA,D,,"Connolly, Gerald E.",Gerald Connolly,Mr. CONNOLLY,Gerald E. Connolly
CREC-2016-12-08-pt1-PgE1655-2,CREC-2016-12-08,SPEAKING,H,114,M000087,"Maloney, Carolyn B.",NY,D,,"Maloney, Carolyn B.",Carolyn Maloney,Mrs. CAROLYN B. MALONEY of New York,Carolyn B. Maloney
CREC-2016-12-08-pt1-PgE1656,CREC-2016-12-08,SPEAKING,H,114,R000395,"Rogers, Harold",KY,R,,"Rogers, Harold",,Mr. ROGERS of Kentucky,Harold Rogers
CREC-2016-12-08-pt1-PgE1656-2,CREC-2016-12-08,SPEAKING,H,114,M001163,"Matsui, Doris O.",CA,D,,"Matsui, Doris O.",Doris Matsui,Ms. MATSUI,Doris O. Matsui
CREC-2016-12-08-pt1-PgE1656-3,CREC-2016-12-08,SPEAKING,H,114,R000409,"Rohrabacher, Dana",CA,R,,"Rohrabacher, Dana",,Mr. ROHRABACHER,Dana Rohrabacher
CREC-2016-12-08-pt1-PgE1657,CREC-2016-12-08,SPEAKING,H,114,T000460,"Thompson, Mike",CA,D,,"Thompson, Mike",,Mr. THOMPSON of California,Mike Thompson
CREC-2016-12-08-pt1-PgE1657-2,CREC-2016-12-08,SPEAKING,H,114,,,,,,,,Mrs. McMORRIS RODGERS,
CREC-2016-12-08-pt1-PgE1657-3,CREC-2016-12-08,SPEAKING,H,114,G000571,"Gabbard, Tulsi",HI,D,,"Gabbard, Tulsi",,Ms. GABBARD,Tulsi Gabbard
CREC-2016-12-08-pt1-PgE1658,CREC-2016-12-08,SPEAKING,H,114,M001163,"Matsui, Doris O.",CA,D,,"Matsui, Doris O.",Doris Matsui,Ms. MATSUI,Doris O. Matsui
CREC-2016-12-08-pt1-PgE1658-2,CREC-2016-12-08,SPEAKING,H,114,M000087,"Maloney, Carolyn B.",NY,D,,"Maloney, Carolyn B.",Carolyn Maloney,Mrs. CAROLYN B. MALONEY of New York,Carolyn B. Maloney
CREC-2016-12-08-pt1-PgE1658-3,CREC-2016-12-08,SPEAKING,H,114,S000248,"Serrano, Jose E.",NY,D,,"Serrano, Jose E.",Jose Serrano,Mr. SERRANO,Jose E. Serrano
CREC-2016-12-08-pt1-PgE1659,CREC-2016-12-08,SPEAKING,H,114,C001103,"Carter, Earl L. ""Buddy""",GA,R,,"Carter, Earl L. ""Buddy""",Earl Carter,Mr. CARTER of Georgia,"Earl L. ""Buddy"" Carter"
CREC-2016-12-08-pt1-PgE1659-3,CREC-2016-12-08,SPEAKING,H,114,W000797,"Wasserman Schultz, Debbie",FL,D,,"Wasserman Schultz, Debbie",,Ms. WASSERMAN SCHULTZ,Debbie Wasserman Schultz
CREC-2016-12-08-pt1-PgE1659-2,CREC-2016-12-08,SPEAKING,H,114,T000460,"Thompson, Mike",CA,D,,"Thompson, Mike",,Mr. THOMPSON of California,Mike Thompson
CREC-2016-12-08-pt1-PgE1659-4,CREC-2016-12-08,SPEAKING,H,114,B001284,"Brooks, Susan W.",IN,R,,"Brooks, Susan W.",Susan Brooks,Mrs. BROOKS of Indiana,Susan W. Brooks
CREC-2016-12-08-pt1-PgE1660,CREC-2016-12-08,SPEAKING,H,114,M001163,"Matsui, Doris O.",CA,D,,"Matsui, Doris O.",Doris Matsui,Ms. MATSUI,Doris O. Matsui
CREC-2016-12-08-pt1-PgE1660-2,CREC-2016-12-08,SPEAKING,H,114,M001158,"Marchant, Kenny",TX,R,,"Marchant, Kenny",,Mr. MARCHANT,Kenny Marchant
CREC-2016-12-08-pt1-PgE1660-3,CREC-2016-12-08,SPEAKING,H,114,S001195,"Smith, Jason",MO,R,,"Smith, Jason",,Mr. SMITH of Missouri,Jason Smith
CREC-2016-12-08-pt1-PgE1661,CREC-2016-12-08,SPEAKING,H,114,J000174,"Johnson, Sam",TX,R,,"Johnson, Sam",,Mr. SAM JOHNSON of Texas,Sam Johnson
CREC-2016-12-08-pt1-PgE1661-2,CREC-2016-12-08,SPEAKING,H,114,M001163,"Matsui, Doris O.",CA,D,,"Matsui, Doris O.",Doris Matsui,Ms. MATSUI,Doris O. Matsui
CREC-2016-12-08-pt1-PgE1661-3,CREC-2016-12-08,SPEAKING,H,114,W000797,"Wasserman Schultz, Debbie",FL,D,,"Wasserman Schultz, Debbie",,Ms. WASSERMAN SCHULTZ,Debbie Wasserman Schultz
CREC-2016-12-08-pt1-PgE1662,CREC-2016-12-08,SPEAKING,H,114,N000188,"Norcross, Donald",NJ,D,,"Norcross, Donald",,Mr. NORCROSS,Donald Norcross
CREC-2016-12-08-pt1-PgE1662-2,CREC-2016-12-08,SPEAKING,H,114,B000911,"Brown, Corrine",FL,D,,"Brown, Corrine",,Ms. BROWN of Florida,Corrine Brown
CREC-2016-12-08-pt1-PgE1662-3,CREC-2016-12-08,SPEAKING,H,114,W000808,"Wilson, Frederica S.",FL,D,,"Wilson, Frederica S.",Frederica Wilson,Ms. WILSON of Florida,Frederica S. Wilson
CREC-2016-12-08-pt1-PgE1662-4,CREC-2016-12-08,SPEAKING,H,114,C001080,"Chu, Judy",CA,D,,"Chu, Judy",,Ms. JUDY CHU of California,Judy Chu
CREC-2016-12-08-pt1-PgE1663,CREC-2016-12-08,SPEAKING,H,114,T000460,"Thompson, Mike",CA,D,,"Thompson, Mike",,Mr. THOMPSON of California,Mike Thompson
CREC-2016-12-08-pt1-PgE1663-2,CREC-2016-12-08,SPEAKING,H,114,D000623,"DeSaulnier, Mark",CA,D,,"DeSaulnier, Mark",,Mr. DeSAULNIER,Mark DeSaulnier
CREC-2016-12-08-pt1-PgE1663-3,CREC-2016-12-08,SPEAKING,H,114,Y000066,"Young, David",IA,R,,"Young, David",,Mr. YOUNG of Iowa,David Young
CREC-2016-12-08-pt1-PgE1663-4,CREC-2016-12-08,SPEAKING,H,114,W000795,"Wilson, Joe",SC,R,,"Wilson, Joe",,Mr. WILSON of South Carolina,Joe Wilson
CREC-2016-12-08-pt1-PgE1663-5,CREC-2016-12-08,SPEAKING,H,114,T000460,"Thompson, Mike",CA,D,,"Thompson, Mike",,Mr. THOMPSON of California,Mike Thompson
CREC-2016-12-08-pt1-PgE1664,CREC-2016-12-08,SPEAKING,H,114,B001296,"Boyle, Brendan F.",PA,D,,"Boyle, Brendan F.",Brendan Boyle,Mr. BRENDAN F. BOYLE of Pennsylvania,Brendan F. Boyle
CREC-2016-12-08-pt1-PgE1664-2,CREC-2016-12-08,SPEAKING,H,114,S000248,"Serrano, Jose E.",NY,D,,"Serrano, Jose E.",Jose Serrano,Mr. SERRANO,Jose E. Serrano
CREC-2016-12-08-pt1-PgD1113,CREC-2016-12-08,,,,,,,,,,,,
CREC-2016-12-08-pt1-PgD1114,CREC-2016-12-08,,,,,,,,,,,,
CREC-2016-12-08-pt1-PgD1114-2,CREC-2016-12-08,,,,,,,,,,,,
CREC-2016-12-08-pt1-PgD1117,CREC-2016-12-08,,,,,,,,,,,,
CREC-2016-12-08-pt1-PgD1117-2,CREC-2016-12-08,,,,,,,,,,,,
CREC-2016-12-08-pt1-PgD1117-3,CREC-2016-12-08,,,,,,,,,,,,
