granuleId,packageId,members,role,chamber,congress,bioGuideId,memberName,state,party,name__authority-lnf,name__parsed,name__authority-fnf,name__authority-other
CREC-2015-06-11-pt1-PgH4163-2,CREC-2015-06-11,,,,,,,,,,,,
CREC-2015-06-11-pt1-PgH4163-3,CREC-2015-06-11,,,,,,,,,,,,
CREC-2015-06-11-pt1-PgH4163,CREC-2015-06-11,,,,,,,,,,,,
CREC-2015-06-11-pt1-PgH4165,CREC-2015-06-11,,SPEAKING,H,114,W000816,"Williams, Roger",TX,R,"Williams, Roger",Mr. WILLIAMS,Roger Williams,
CREC-2015-06-11-pt1-PgH4164,CREC-2015-06-11,,SPEAKING,H,114,R000604,"Russell, Steve",OK,R,"Russell, Steve",Mr. RUSSELL,Steve Russell,
CREC-2015-06-11-pt1-PgH4163-4,CREC-2015-06-11,,SPEAKING,H,114,B000574,"Blumenauer, Earl",OR,D,"Blumenauer, Earl",Mr. BLUMENAUER,Earl Blumenauer,
CREC-2015-06-11-pt1-PgH-FrontMatter,CREC-2015-06-11,,,,,,,,,,,,
CREC-2015-06-11-pt1-PgH4164-2,CREC-2015-06-11,,SPEAKING,H,114,D000191,"DeFazio, Peter A.",OR,D,"DeFazio, Peter A.",Mr. DeFAZIO,Peter A. DeFazio,Peter DeFazio
CREC-2015-06-11-pt1-PgH4165-3,CREC-2015-06-11,,SPEAKING,H,114,B001243,"Blackburn, Marsha",TN,R,"Blackburn, Marsha",Mrs. BLACKBURN,Marsha Blackburn,
CREC-2015-06-11-pt1-PgH4165-2,CREC-2015-06-11,,SPEAKING,H,114,G000571,"Gabbard, Tulsi",HI,D,"Gabbard, Tulsi",Ms. GABBARD,Tulsi Gabbard,
CREC-2015-06-11-pt1-PgH4166,CREC-2015-06-11,,SPEAKING,H,114,B001278,"Bonamici, Suzanne",OR,D,"Bonamici, Suzanne",Ms. BONAMICI,Suzanne Bonamici,
CREC-2015-06-11-pt1-PgH4166-2,CREC-2015-06-11,,SPEAKING,H,114,M001151,"Murphy, Tim",PA,R,"Murphy, Tim",Mr. MURPHY of Pennsylvania,Tim Murphy,
CREC-2015-06-11-pt1-PgH4167,CREC-2015-06-11,,SPEAKING,H,114,G000553,"Green, Al",TX,D,"Green, Al",Mr. AL GREEN of Texas,Al Green,
CREC-2015-06-11-pt1-PgH4169,CREC-2015-06-11,,SPEAKING,H,114,P000592,"Poe, Ted",TX,R,"Poe, Ted",Mr. POE of Texas,Ted Poe,
CREC-2015-06-11-pt1-PgH4167-2,CREC-2015-06-11,,SPEAKING,H,114,R000435,"Ros-Lehtinen, Ileana",FL,R,"Ros-Lehtinen, Ileana",Ms. ROS-LEHTINEN,Ileana Ros-Lehtinen,
CREC-2015-06-11-pt1-PgH4168,CREC-2015-06-11,,SPEAKING,H,114,J000032,"Jackson Lee, Sheila",TX,D,"Jackson Lee, Sheila",Ms. JACKSON LEE,Sheila Jackson Lee,
CREC-2015-06-11-pt1-PgH4169-2,CREC-2015-06-11,,,,,,,,,,,,
CREC-2015-06-11-pt1-PgH4169-3,CREC-2015-06-11,,,,,,,,,,,,
CREC-2015-06-11-pt1-PgH4169-4,CREC-2015-06-11,,,,,,,,,,,,
CREC-2015-06-11-pt1-PgH4169-5,CREC-2015-06-11,,SPEAKING,H,114,W000795,"Wilson, Joe",SC,R,"Wilson, Joe",Mr. WILSON of South Carolina,Joe Wilson,
CREC-2015-06-11-pt1-PgH4169-6,CREC-2015-06-11,,,,,,,,,,,,
CREC-2015-06-11-pt1-PgH4170,CREC-2015-06-11,,,,,,,,,,,,
CREC-2015-06-11-pt1-PgH4170-3,CREC-2015-06-11,,SPEAKING,H,114,V000131,"Veasey, Marc A.",TX,D,"Veasey, Marc A.",Mr. VEASEY,Marc A. Veasey,Marc Veasey
CREC-2015-06-11-pt1-PgH4170-2,CREC-2015-06-11,,SPEAKING,H,114,W000795,"Wilson, Joe",SC,R,"Wilson, Joe",Mr. WILSON of South Carolina,Joe Wilson,
CREC-2015-06-11-pt1-PgH4170-4,CREC-2015-06-11,,SPEAKING,H,114,P000594,"Paulsen, Erik",MN,R,"Paulsen, Erik",Mr. PAULSEN,Erik Paulsen,
CREC-2015-06-11-pt1-PgH4170-5,CREC-2015-06-11,,SPEAKING,H,114,H001063,"Hahn, Janice",CA,D,"Hahn, Janice",Ms. HAHN,Janice Hahn,
CREC-2015-06-11-pt1-PgH4170-6,CREC-2015-06-11,,SPEAKING,H,114,B001289,"Byrne, Bradley",AL,R,"Byrne, Bradley",Mr. BYRNE,Bradley Byrne,
CREC-2015-06-11-pt1-PgH4170-7,CREC-2015-06-11,,SPEAKING,H,114,G000570,"Guinta, Frank C.",NH,R,"Guinta, Frank C.",Mr. GUINTA,Frank C. Guinta,Frank Guinta
CREC-2015-06-11-pt1-PgH4171,CREC-2015-06-11,,SPEAKING,H,114,W000798,"Walberg, Tim",MI,R,"Walberg, Tim",Mr. WALBERG,Tim Walberg,
CREC-2015-06-11-pt1-PgH4171-2,CREC-2015-06-11,,SPEAKING,H,114,R000582,"Roe, David P.",TN,R,"Roe, David P.",Mr. ROE of Tennessee,David P. Roe,David Roe
CREC-2015-06-11-pt1-PgH4171-3,CREC-2015-06-11,,SPEAKING,H,114,D000613,"Dold, Robert J.",IL,R,"Dold, Robert J.",Mr. DOLD,Robert J. Dold,Robert Dold
CREC-2015-06-11-pt1-PgH4171-4,CREC-2015-06-11,,SPEAKING,H,114,C001103,"Carter, Earl L. ""Buddy""",GA,R,"Carter, Earl L. ""Buddy""",Mr. CARTER of Georgia,"Earl L. ""Buddy"" Carter",Earl Carter
CREC-2015-06-11-pt1-PgH4171-5,CREC-2015-06-11,,SPEAKING,H,114,G000564,"Gibson, Christopher P.",NY,R,"Gibson, Christopher P.",Mr. GIBSON,Christopher P. Gibson,Christopher Gibson
CREC-2015-06-11-pt1-PgH4171-6,CREC-2015-06-11,,SPEAKING,H,114,T000467,"Thompson, Glenn",PA,R,"Thompson, Glenn",Mr. THOMPSON of Pennsylvania,Glenn Thompson,
CREC-2015-06-11-pt1-PgH4172-2,CREC-2015-06-11,,SPEAKING,H,114,F000372,"Frelinghuysen, Rodney P.",NJ,R,"Frelinghuysen, Rodney P.",Mr. FRELINGHUYSEN,Rodney P. Frelinghuysen,Rodney Frelinghuysen
CREC-2015-06-11-pt1-PgH4227,CREC-2015-06-11,,,,,,,,,,,,
CREC-2015-06-11-pt1-PgH4172,CREC-2015-06-11,,SPEAKING,H,114,B001289,"Byrne, Bradley",AL,R,"Byrne, Bradley",Mr. BYRNE,Bradley Byrne,
CREC-2015-06-11-pt1-PgH4218,CREC-2015-06-11,,SPEAKING,H,114,D000610,"Deutch, Theodore E.",FL,D,"Deutch, Theodore E.",Mr. DEUTCH,Theodore E. Deutch,Theodore Deutch
CREC-2015-06-11-pt1-PgH4218,CREC-2015-06-11,,SPEAKING,H,114,H001072,"Hill, J. French",AR,R,"Hill, J. French",Mr. HILL,J. French Hill,J. Hill
CREC-2015-06-11-pt1-PgH4218,CREC-2015-06-11,,SPEAKING,H,114,F000372,"Frelinghuysen, Rodney P.",NJ,R,"Frelinghuysen, Rodney P.",Mr. FRELINGHUYSEN,Rodney P. Frelinghuysen,Rodney Frelinghuysen
CREC-2015-06-11-pt1-PgH4218,CREC-2015-06-11,,SPEAKING,H,114,M001196,"Moulton, Seth",MA,D,"Moulton, Seth",Mr. MOULTON,Seth Moulton,
CREC-2015-06-11-pt1-PgH4218,CREC-2015-06-11,,SPEAKING,H,114,K000386,"Katko, John",NY,R,"Katko, John",Mr. KATKO,John Katko,
CREC-2015-06-11-pt1-PgH4218,CREC-2015-06-11,,SPEAKING,H,114,G000576,"Grothman, Glenn",WI,R,"Grothman, Glenn",Mr. GROTHMAN,Glenn Grothman,
CREC-2015-06-11-pt1-PgH4172-3,CREC-2015-06-11,,SPEAKING,H,114,R000570,"Ryan, Paul D.",WI,R,"Ryan, Paul D.",Mr. RYAN of Wisconsin,Paul D. Ryan,Paul Ryan
CREC-2015-06-11-pt1-PgH4172-3,CREC-2015-06-11,,SPEAKING,H,114,R000053,"Rangel, Charles B.",NY,D,"Rangel, Charles B.",Mr. RANGEL,Charles B. Rangel,Charles Rangel
CREC-2015-06-11-pt1-PgH4172-3,CREC-2015-06-11,,SPEAKING,H,114,T000462,"Tiberi, Patrick J.",OH,R,"Tiberi, Patrick J.",Mr. TIBERI,Patrick J. Tiberi,Patrick Tiberi
CREC-2015-06-11-pt1-PgH4172-3,CREC-2015-06-11,,SPEAKING,H,114,M000404,"McDermott, Jim",WA,D,"McDermott, Jim",Mr. McDERMOTT,Jim McDermott,
CREC-2015-06-11-pt1-PgH4172-3,CREC-2015-06-11,,SPEAKING,H,114,S001172,"Smith, Adrian",NE,R,"Smith, Adrian",Mr. SMITH of Nebraska,Adrian Smith,
CREC-2015-06-11-pt1-PgH4172-3,CREC-2015-06-11,,SPEAKING,H,114,B001270,"Bass, Karen",CA,D,"Bass, Karen",Ms. BASS,Karen Bass,
CREC-2015-06-11-pt1-PgH4172-3,CREC-2015-06-11,,SPEAKING,H,114,E000294,"Emmer, Tom",MN,R,"Emmer, Tom",Mr. EMMER of Minnesota,Tom Emmer,
CREC-2015-06-11-pt1-PgH4172-3,CREC-2015-06-11,,SPEAKING,H,114,C001045,"Crenshaw, Ander",FL,R,"Crenshaw, Ander",Mr. CRENSHAW,Ander Crenshaw,
CREC-2015-06-11-pt1-PgH4172-3,CREC-2015-06-11,,SPEAKING,H,114,K000188,"Kind, Ron",WI,D,"Kind, Ron",Mr. KIND,Ron Kind,
CREC-2015-06-11-pt1-PgH4172-3,CREC-2015-06-11,,SPEAKING,H,114,B000574,"Blumenauer, Earl",OR,D,"Blumenauer, Earl",Mr. BLUMENAUER,Earl Blumenauer,
CREC-2015-06-11-pt1-PgH4172-3,CREC-2015-06-11,,SPEAKING,H,114,M001137,"Meeks, Gregory W.",NY,D,"Meeks, Gregory W.",Mr. MEEKS,Gregory W. Meeks,Gregory Meeks
CREC-2015-06-11-pt1-PgH4172-3,CREC-2015-06-11,,SPEAKING,H,114,C001107,"Curbelo, Carlos",FL,R,"Curbelo, Carlos",Mr. CURBELO of Florida,Carlos Curbelo,
CREC-2015-06-11-pt1-PgH4172-3,CREC-2015-06-11,,SPEAKING,H,114,B001255,"Boustany, Charles W., Jr.",LA,R,"Boustany, Charles W., Jr.",Mr. BOUSTANY,"Charles W. Boustany, Jr.",Charles Boustany
CREC-2015-06-11-pt1-PgH4172-3,CREC-2015-06-11,,SPEAKING,H,114,B001255,"Boustany, Charles W., Jr.",LA,R,"Boustany, Charles W., Jr.",Mr. BOUSTANY,"Charles W. Boustany, Jr.",Charles W. Boustany
CREC-2015-06-11-pt1-PgH4172-3,CREC-2015-06-11,,SPEAKING,H,114,R000570,"Ryan, Paul D.",WI,R,"Ryan, Paul D.",Mr RYAN of Wisconsin,Paul D. Ryan,Paul Ryan
CREC-2015-06-11-pt1-PgH4172-3,CREC-2015-06-11,,SPEAKING,H,114,D000614,"Duffy, Sean P.",WI,R,"Duffy, Sean P.",Mr. DUFFY,Sean P. Duffy,Sean Duffy
CREC-2015-06-11-pt1-PgH4227-2,CREC-2015-06-11,,SPEAKING,H,114,S000250,"Sessions, Pete",TX,R,"Sessions, Pete",Mr. SESSIONS,Pete Sessions,
CREC-2015-06-11-pt1-PgH4227-2,CREC-2015-06-11,,SPEAKING,H,114,S000480,"Slaughter, Louise McIntosh",NY,D,"Slaughter, Louise McIntosh",Ms. SLAUGHTER,Louise McIntosh Slaughter,Louise Slaughter
CREC-2015-06-11-pt1-PgH4227-2,CREC-2015-06-11,,SPEAKING,H,114,S000480,"Slaughter, Louise McIntosh",NY,D,"Slaughter, Louise McIntosh",Ms. SLAUGHTER,Louise McIntosh Slaughter,Louise M. Slaughter
CREC-2015-06-11-pt1-PgH4227-2,CREC-2015-06-11,,SPEAKING,H,114,R000578,"Reichert, David G.",WA,R,"Reichert, David G.",Mr. REICHERT,David G. Reichert,David Reichert
CREC-2015-06-11-pt1-PgH4227-2,CREC-2015-06-11,,SPEAKING,H,114,K000009,"Kaptur, Marcy",OH,D,"Kaptur, Marcy",Ms. KAPTUR,Marcy Kaptur,
CREC-2015-06-11-pt1-PgH4227-2,CREC-2015-06-11,,SPEAKING,H,114,C001062,"Conaway, K. Michael",TX,R,"Conaway, K. Michael",Mr. CONAWAY,K. Michael Conaway,K. Conaway
CREC-2015-06-11-pt1-PgH4227-2,CREC-2015-06-11,,SPEAKING,H,114,L000551,"Lee, Barbara",CA,D,"Lee, Barbara",Ms. LEE,Barbara Lee,
CREC-2015-06-11-pt1-PgH4227-2,CREC-2015-06-11,,SPEAKING,H,114,M001150,"Miller, Candice S.",MI,R,"Miller, Candice S.",Mrs. MILLER of Michigan,Candice S. Miller,Candice Miller
CREC-2015-06-11-pt1-PgH4227-2,CREC-2015-06-11,,SPEAKING,H,114,L000562,"Lynch, Stephen F.",MA,D,"Lynch, Stephen F.",Mr. LYNCH,Stephen F. Lynch,Stephen Lynch
CREC-2015-06-11-pt1-PgH4227-2,CREC-2015-06-11,,SPEAKING,H,114,H001065,"Holding, George",NC,R,"Holding, George",Mr. HOLDING,George Holding,
CREC-2015-06-11-pt1-PgH4227-2,CREC-2015-06-11,,SPEAKING,H,114,D000624,"Dingell, Debbie",MI,D,"Dingell, Debbie",Mrs. DINGELL,Debbie Dingell,
CREC-2015-06-11-pt1-PgH4227-2,CREC-2015-06-11,,SPEAKING,H,114,N000189,"Newhouse, Dan",WA,R,"Newhouse, Dan",Mr. NEWHOUSE,Dan Newhouse,
CREC-2015-06-11-pt1-PgH4227-2,CREC-2015-06-11,,SPEAKING,H,114,T000469,"Tonko, Paul",NY,D,"Tonko, Paul",Mr. TONKO,Paul Tonko,
CREC-2015-06-11-pt1-PgH4227-2,CREC-2015-06-11,,SPEAKING,H,114,B001255,"Boustany, Charles W., Jr.",LA,R,"Boustany, Charles W., Jr.",Mr. BOUSTANY,"Charles W. Boustany, Jr.",Charles Boustany
CREC-2015-06-11-pt1-PgH4227-2,CREC-2015-06-11,,SPEAKING,H,114,B001255,"Boustany, Charles W., Jr.",LA,R,"Boustany, Charles W., Jr.",Mr. BOUSTANY,"Charles W. Boustany, Jr.",Charles W. Boustany
CREC-2015-06-11-pt1-PgH4227-2,CREC-2015-06-11,,SPEAKING,H,114,D000399,"Doggett, Lloyd",TX,D,"Doggett, Lloyd",Mr. DOGGETT,Lloyd Doggett,
CREC-2015-06-11-pt1-PgH4227-2,CREC-2015-06-11,,SPEAKING,H,114,K000376,"Kelly, Mike",PA,R,"Kelly, Mike",Mr. KELLY of Pennsylvania,Mike Kelly,
CREC-2015-06-11-pt1-PgH4227-2,CREC-2015-06-11,,SPEAKING,H,114,L000263,"Levin, Sander M.",MI,D,"Levin, Sander M.",Mr. LEVIN,Sander M. Levin,Sander Levin
CREC-2015-06-11-pt1-PgH4227-2,CREC-2015-06-11,,SPEAKING,H,114,T000462,"Tiberi, Patrick J.",OH,R,"Tiberi, Patrick J.",Mr. TIBERI,Patrick J. Tiberi,Patrick Tiberi
CREC-2015-06-11-pt1-PgH4227-2,CREC-2015-06-11,,SPEAKING,H,114,E000288,"Ellison, Keith",MN,D,"Ellison, Keith",Mr. ELLISON,Keith Ellison,
CREC-2015-06-11-pt1-PgH4227-2,CREC-2015-06-11,,SPEAKING,H,114,T000193,"Thompson, Bennie G.",MS,D,"Thompson, Bennie G.",Mr. THOMPSON of Mississippi,Bennie G. Thompson,Bennie Thompson
CREC-2015-06-11-pt1-PgH4237,CREC-2015-06-11,,,,,,,,,,,,
CREC-2015-06-11-pt1-PgH4236,CREC-2015-06-11,,SPEAKING,H,114,B001255,"Boustany, Charles W., Jr.",LA,R,"Boustany, Charles W., Jr.",Mr. BOUSTANY,"Charles W. Boustany, Jr.",Charles Boustany
CREC-2015-06-11-pt1-PgH4236,CREC-2015-06-11,,SPEAKING,H,114,B001255,"Boustany, Charles W., Jr.",LA,R,"Boustany, Charles W., Jr.",Mr. BOUSTANY,"Charles W. Boustany, Jr.",Charles W. Boustany
CREC-2015-06-11-pt1-PgH4237-2,CREC-2015-06-11,,SPEAKING,H,114,D000622,"Duckworth, Tammy",IL,D,"Duckworth, Tammy",Ms. DUCKWORTH,Tammy Duckworth,
CREC-2015-06-11-pt1-PgH4237-3,CREC-2015-06-11,,SPEAKING,H,114,L000578,"LaMalfa, Doug",CA,R,"LaMalfa, Doug",Mr. LaMALFA,Doug LaMalfa,
CREC-2015-06-11-pt1-PgH4237-4,CREC-2015-06-11,,SPEAKING,H,114,M000404,"McDermott, Jim",WA,D,"McDermott, Jim",Mr. McDERMOTT,Jim McDermott,
CREC-2015-06-11-pt1-PgH4239,CREC-2015-06-11,,,,,,,,,,,,
CREC-2015-06-11-pt1-PgH4238,CREC-2015-06-11,,SPEAKING,H,114,S000344,"Sherman, Brad",CA,D,"Sherman, Brad",Mr. SHERMAN,Brad Sherman,
CREC-2015-06-11-pt1-PgH4240,CREC-2015-06-11,,,,,,,,,,,,
CREC-2015-06-11-pt1-PgH4240-2,CREC-2015-06-11,,SPEAKING,H,114,S000344,"Sherman, Brad",CA,D,"Sherman, Brad",Mr. SHERMAN,Brad Sherman,
CREC-2015-06-11-pt1-PgH4240-3,CREC-2015-06-11,,,,,,,,,,,,
CREC-2015-06-11-pt1-PgH4241,CREC-2015-06-11,,,,,,,,,,,,
CREC-2015-06-11-pt1-PgH4241-2,CREC-2015-06-11,,,,,,,,,,,,
CREC-2015-06-11-pt1-PgH4242,CREC-2015-06-11,,,,,,,,,,,,
CREC-2015-06-11-pt1-PgH4242-2,CREC-2015-06-11,,,,,,,,,,,,
CREC-2015-06-11-pt1-PgH4242-3,CREC-2015-06-11,,,,,,,,,,,,
CREC-2015-06-11-pt1-PgH4242-4,CREC-2015-06-11,,,,,,,,,,,,
CREC-2015-06-11-pt1-PgH4242-5,CREC-2015-06-11,,,,,,,,,,,,
CREC-2015-06-11-pt1-PgH4242-7,CREC-2015-06-11,,,,,,,,,,,,
CREC-2015-06-11-pt1-PgH4242-6,CREC-2015-06-11,,,,,,,,,,,,
CREC-2015-06-11-pt1-PgH4242-8,CREC-2015-06-11,,,,,,,,,,,,
CREC-2015-06-11-pt1-PgH4242-9,CREC-2015-06-11,,,,,,,,,,,,
CREC-2015-06-11-pt1-PgH4242-10,CREC-2015-06-11,,,,,,,,,,,,
CREC-2015-06-11-pt1-PgH4242-11,CREC-2015-06-11,,,,,,,,,,,,
CREC-2015-06-11-pt1-PgH4242-12,CREC-2015-06-11,,,,,,,,,,,,
CREC-2015-06-11-pt1-PgH4242-13,CREC-2015-06-11,,,,,,,,,,,,
CREC-2015-06-11-pt1-PgH4242-15,CREC-2015-06-11,,,,,,,,,,,,
CREC-2015-06-11-pt1-PgH4242-14,CREC-2015-06-11,,,,,,,,,,,,
CREC-2015-06-11-pt1-PgH4242-16,CREC-2015-06-11,,,,,,,,,,,,
CREC-2015-06-11-pt1-PgH4243,CREC-2015-06-11,,,,,,,,,,,,
CREC-2015-06-11-pt1-PgH4243-2,CREC-2015-06-11,,,,,,,,,,,,
CREC-2015-06-11-pt1-PgH4243-3,CREC-2015-06-11,,,,,,,,,,,,
CREC-2015-06-11-pt1-PgH4243-4,CREC-2015-06-11,,,,,,,,,,,,
CREC-2015-06-11-pt1-PgH4243-5,CREC-2015-06-11,,,,,,,,,,,,
CREC-2015-06-11-pt1-PgH4243-6,CREC-2015-06-11,,SPEAKING,H,114,J000288,"Johnson, Henry C. ""Hank""",GA,D,"Johnson, Henry C. ""Hank""",Mr. Johnson of Georgia,"Henry C. ""Hank"" Johnson, Jr.",Henry Johnson
CREC-2015-06-11-pt1-PgH4243-6,CREC-2015-06-11,,SPEAKING,H,114,J000288,"Johnson, Henry C. ""Hank""",GA,D,"Johnson, Henry C. ""Hank""",Mr. Johnson of Georgia,"Henry C. ""Hank"" Johnson, Jr.","Henry C. ""Hank"" Johnson"
CREC-2015-06-11-pt1-PgH4243-7,CREC-2015-06-11,,SPEAKING,H,114,J000288,"Johnson, Henry C. ""Hank""",GA,D,"Johnson, Henry C. ""Hank""",Mr. Johnson of Georgia,"Henry C. ""Hank"" Johnson, Jr.",Henry Johnson
CREC-2015-06-11-pt1-PgH4243-7,CREC-2015-06-11,,SPEAKING,H,114,J000288,"Johnson, Henry C. ""Hank""",GA,D,"Johnson, Henry C. ""Hank""",Mr. Johnson of Georgia,"Henry C. ""Hank"" Johnson, Jr.","Henry C. ""Hank"" Johnson"
CREC-2015-06-11-pt1-PgS-FrontMatter-7,CREC-2015-06-11,,,,,,,,,,,,
CREC-2015-06-11-pt1-PgS4063,CREC-2015-06-11,,,,,,,,,,,,
CREC-2015-06-11-pt1-PgS4063-2,CREC-2015-06-11,,,,,,,,,,,,
CREC-2015-06-11-pt1-PgS4063-3,CREC-2015-06-11,,,,,,,,,,,,
CREC-2015-06-11-pt1-PgS4063-4,CREC-2015-06-11,,,,,,,,,,,,
CREC-2015-06-11-pt1-PgS4063-5,CREC-2015-06-11,,SPEAKING,S,114,M000355,"McConnell, Mitch",KY,R,"McConnell, Mitch",Mr. McCONNELL,Mitch McConnell,
CREC-2015-06-11-pt1-PgS4063-6,CREC-2015-06-11,,SPEAKING,S,114,M000355,"McConnell, Mitch",KY,R,"McConnell, Mitch",Mr. McCONNELL,Mitch McConnell,
CREC-2015-06-11-pt1-PgS4064,CREC-2015-06-11,,SPEAKING,S,114,M000355,"McConnell, Mitch",KY,R,"McConnell, Mitch",Mr. McCONNELL,Mitch McConnell,
CREC-2015-06-11-pt1-PgS4064-2,CREC-2015-06-11,,,,,,,,,,,,
CREC-2015-06-11-pt1-PgS4064-3,CREC-2015-06-11,,SPEAKING,S,114,R000146,"Reid, Harry",NV,D,"Reid, Harry",Mr. REID,Harry Reid,Harry M. Reid
CREC-2015-06-11-pt1-PgS4065,CREC-2015-06-11,,SPEAKING,S,114,R000146,"Reid, Harry",NV,D,"Reid, Harry",Mr. REID,Harry Reid,Harry M. Reid
CREC-2015-06-11-pt1-PgS4066,CREC-2015-06-11,,,,,,,,,,,,
CREC-2015-06-11-pt1-PgS4066-2,CREC-2015-06-11,,,,,,,,,,,,
CREC-2015-06-11-pt1-PgS4066-3,CREC-2015-06-11,,SPEAKING,S,114,H000338,"Hatch, Orrin G.",UT,R,"Hatch, Orrin G.",Mr. HATCH,Orrin G. Hatch,Orrin Hatch
CREC-2015-06-11-pt1-PgS4066-3,CREC-2015-06-11,,SPEAKING,S,114,H000338,"Hatch, Orrin G.",UT,R,"Hatch, Orrin G.",Mr. HATCH,Orrin G. Hatch,Orrin Grant Hatch
CREC-2015-06-11-pt1-PgS4070,CREC-2015-06-11,,SPEAKING,S,114,E000285,"Enzi, Michael B.",WY,R,"Enzi, Michael B.",Mr. ENZI,Michael B. Enzi,Michael Enzi
CREC-2015-06-11-pt1-PgS4068,CREC-2015-06-11,,SPEAKING,S,114,S000770,"Stabenow, Debbie",MI,D,"Stabenow, Debbie",Ms. STABENOW,Debbie Stabenow,
CREC-2015-06-11-pt1-PgS4070-2,CREC-2015-06-11,,,,,,,,,,,,
CREC-2015-06-11-pt1-PgS4070-3,CREC-2015-06-11,,SPEAKING,S,114,E000285,"Enzi, Michael B.",WY,R,"Enzi, Michael B.",Mr. ENZI,Michael B. Enzi,Michael Enzi
CREC-2015-06-11-pt1-PgS4070-3,CREC-2015-06-11,,SPEAKING,S,114,G000562,"Gardner, Cory",CO,R,"Gardner, Cory",Mr. GARDNER,Cory Gardner,
CREC-2015-06-11-pt1-PgS4073,CREC-2015-06-11,,,,,,,,,,,,
CREC-2015-06-11-pt1-PgS4073-2,CREC-2015-06-11,,SPEAKING,S,114,M000303,"McCain, John",AZ,R,"McCain, John",Mr. McCAIN,John McCain,John Sidney McCain
CREC-2015-06-11-pt1-PgS4073-2,CREC-2015-06-11,,SPEAKING,S,114,V000127,"Vitter, David",LA,R,"Vitter, David",Mr. VITTER,David Vitter,
CREC-2015-06-11-pt1-PgS4073-2,CREC-2015-06-11,,SPEAKING,S,114,R000122,"Reed, Jack",RI,D,"Reed, Jack",Mr. REED,Jack Reed,John Reed
CREC-2015-06-11-pt1-PgS4073-2,CREC-2015-06-11,,SPEAKING,S,114,R000122,"Reed, Jack",RI,D,"Reed, Jack",Mr. REED,Jack Reed,John F. Reed
CREC-2015-06-11-pt1-PgS4073-2,CREC-2015-06-11,,SPEAKING,S,114,S000148,"Schumer, Charles E.",NY,D,"Schumer, Charles E.",Mr. SCHUMER,Charles E. Schumer,Charles Schumer
CREC-2015-06-11-pt1-PgS4073-2,CREC-2015-06-11,,SPEAKING,S,114,L000174,"Leahy, Patrick J.",VT,D,"Leahy, Patrick J.",Mr. LEAHY,Patrick J. Leahy,Patrick Leahy
CREC-2015-06-11-pt1-PgS4073-2,CREC-2015-06-11,,SPEAKING,S,114,M000934,"Moran, Jerry",KS,R,"Moran, Jerry",Mr. MORAN,Jerry Moran,
CREC-2015-06-11-pt1-PgS4073-2,CREC-2015-06-11,,SPEAKING,S,114,R000605,"Rounds, Mike",SD,R,"Rounds, Mike",Mr. ROUNDS,Mike Rounds,
CREC-2015-06-11-pt1-PgS4073-2,CREC-2015-06-11,,SPEAKING,S,114,C001095,"Cotton, Tom",AR,R,"Cotton, Tom",Mr. COTTON,Tom Cotton,
CREC-2015-06-11-pt1-PgS4073-2,CREC-2015-06-11,,SPEAKING,S,114,C000141,"Cardin, Benjamin L.",MD,D,"Cardin, Benjamin L.",Mr. CARDIN,Benjamin L. Cardin,Ben Cardin
CREC-2015-06-11-pt1-PgS4073-2,CREC-2015-06-11,,SPEAKING,S,114,M000639,"Menendez, Robert",NJ,D,"Menendez, Robert",Mr. MENENDEZ,Robert Menendez,
CREC-2015-06-11-pt1-PgS4073-2,CREC-2015-06-11,,SPEAKING,S,114,F000444,"Flake, Jeff",AZ,R,"Flake, Jeff",Mr. FLAKE,Jeff Flake,
CREC-2015-06-11-pt1-PgS4073-2,CREC-2015-06-11,,SPEAKING,S,114,L000577,"Lee, Mike",UT,R,"Lee, Mike",Mr. LEE,Mike Lee,
CREC-2015-06-11-pt1-PgS4073-2,CREC-2015-06-11,,SPEAKING,S,114,I000024,"Inhofe, James M.",OK,R,"Inhofe, James M.",Mr. INHOFE,James M. Inhofe,Jim Inhofe
CREC-2015-06-11-pt1-PgS4073-2,CREC-2015-06-11,,SPEAKING,S,114,R000146,"Reid, Harry",NV,D,"Reid, Harry",Mr. REID,Harry Reid,Harry M. Reid
CREC-2015-06-11-pt1-PgS4073-2,CREC-2015-06-11,,SPEAKING,S,114,M000355,"McConnell, Mitch",KY,R,"McConnell, Mitch",Mr. McCONNELL,Mitch McConnell,
CREC-2015-06-11-pt1-PgS4073-2,CREC-2015-06-11,,SPEAKING,S,114,W000779,"Wyden, Ron",OR,D,"Wyden, Ron",Mr. WYDEN,Ron Wyden,
CREC-2015-06-11-pt1-PgS4073-2,CREC-2015-06-11,,SPEAKING,S,114,C001056,"Cornyn, John",TX,R,"Cornyn, John",Mr. CORNYN,John Cornyn,
CREC-2015-06-11-pt1-PgS4073-2,CREC-2015-06-11,,SPEAKING,S,114,D000563,"Durbin, Richard J.",IL,D,"Durbin, Richard J.",Mr. DURBIN,Richard J. Durbin,Richard Durbin
CREC-2015-06-11-pt1-PgS4073-2,CREC-2015-06-11,,SPEAKING,S,114,C000174,"Carper, Thomas R.",DE,D,"Carper, Thomas R.",Mr. CARPER,Thomas R. Carper,Thomas Carper
CREC-2015-06-11-pt1-PgS4073-2,CREC-2015-06-11,,SPEAKING,S,114,C000542,"Coats, Daniel",IN,R,"Coats, Daniel",Mr. COATS,Daniel Coats,Daniel Ray Coats
CREC-2015-06-11-pt1-PgS4073-2,CREC-2015-06-11,,SPEAKING,S,114,P000595,"Peters, Gary C.",MI,D,"Peters, Gary C.",Mr. PETERS,Gary C. Peters,Gary Peters
CREC-2015-06-11-pt1-PgS4090,CREC-2015-06-11,,SPEAKING,S,114,M000303,"McCain, John",AZ,R,"McCain, John",Mr. McCAIN,John McCain,John Sidney McCain
CREC-2015-06-11-pt1-PgS4090,CREC-2015-06-11,,SPEAKING,S,114,C001056,"Cornyn, John",TX,R,"Cornyn, John",Mr. CORNYN,John Cornyn,
CREC-2015-06-11-pt1-PgS4090-2,CREC-2015-06-11,,SPEAKING,S,114,C001056,"Cornyn, John",TX,R,"Cornyn, John",Mr. CORNYN,John Cornyn,
CREC-2015-06-11-pt1-PgS4090-2,CREC-2015-06-11,,SPEAKING,S,114,T000461,"Toomey, Patrick",PA,R,"Toomey, Patrick",Mr. TOOMEY,Patrick J. Toomey,Patrick Toomey
CREC-2015-06-11-pt1-PgS4091,CREC-2015-06-11,,SPEAKING,S,114,T000461,"Toomey, Patrick",PA,R,"Toomey, Patrick",Mr. TOOMEY,Patrick J. Toomey,Patrick Toomey
CREC-2015-06-11-pt1-PgS4091,CREC-2015-06-11,,SPEAKING,S,114,B001236,"Boozman, John",AR,R,"Boozman, John",Mr. BOOZMAN,John Boozman,
CREC-2015-06-11-pt1-PgS4093,CREC-2015-06-11,,SPEAKING,S,114,B001236,"Boozman, John",AR,R,"Boozman, John",Mr. BOOZMAN,John Boozman,
CREC-2015-06-11-pt1-PgS4093,CREC-2015-06-11,,SPEAKING,S,114,H001069,"Heitkamp, Heidi",ND,D,"Heitkamp, Heidi",Ms. HEITKAMP,Heidi Heitkamp,Heidi Heitkamp
CREC-2015-06-11-pt1-PgS4093-2,CREC-2015-06-11,,SPEAKING,S,114,H001069,"Heitkamp, Heidi",ND,D,"Heitkamp, Heidi",Ms. HEITKAMP,Heidi Heitkamp,Heidi Heitkamp
CREC-2015-06-11-pt1-PgS4093-2,CREC-2015-06-11,,SPEAKING,S,114,S001198,"Sullivan, Dan",AK,R,"Sullivan, Dan",Mr. SULLIVAN,Dan Sullivan,
CREC-2015-06-11-pt1-PgS4097,CREC-2015-06-11,,SPEAKING,S,114,H000338,"Hatch, Orrin G.",UT,R,"Hatch, Orrin G.",Mr. HATCH,Orrin G. Hatch,Orrin Hatch
CREC-2015-06-11-pt1-PgS4097,CREC-2015-06-11,,SPEAKING,S,114,H000338,"Hatch, Orrin G.",UT,R,"Hatch, Orrin G.",Mr. HATCH,Orrin G. Hatch,Orrin Grant Hatch
CREC-2015-06-11-pt1-PgS4097,CREC-2015-06-11,,SPEAKING,S,114,W000779,"Wyden, Ron",OR,D,"Wyden, Ron",Mr. WYDEN,Ron Wyden,
CREC-2015-06-11-pt1-PgS4095,CREC-2015-06-11,,SPEAKING,S,114,S001198,"Sullivan, Dan",AK,R,"Sullivan, Dan",Mr. SULLIVAN,Dan Sullivan,
CREC-2015-06-11-pt1-PgS4095,CREC-2015-06-11,,SPEAKING,S,114,G000562,"Gardner, Cory",CO,R,"Gardner, Cory",Mr. GARDNER,Cory Gardner,
CREC-2015-06-11-pt1-PgS4098,CREC-2015-06-11,,SPEAKING,S,114,D000563,"Durbin, Richard J.",IL,D,"Durbin, Richard J.",Mr. DURBIN,Richard J. Durbin,Richard Durbin
CREC-2015-06-11-pt1-PgS4099,CREC-2015-06-11,,SPEAKING,S,114,D000563,"Durbin, Richard J.",IL,D,"Durbin, Richard J.",Mr. DURBIN,Richard J. Durbin,Richard Durbin
CREC-2015-06-11-pt1-PgS4099-2,CREC-2015-06-11,,SPEAKING,S,114,L000174,"Leahy, Patrick J.",VT,D,"Leahy, Patrick J.",Mr. LEAHY,Patrick J. Leahy,Patrick Leahy
CREC-2015-06-11-pt1-PgS4100,CREC-2015-06-11,,SPEAKING,S,114,C001088,"Coons, Christopher A.",DE,D,"Coons, Christopher A.",Mr. COONS,Christopher A. Coons,Christopher Coons
CREC-2015-06-11-pt1-PgS4100-2,CREC-2015-06-11,,SPEAKING,S,114,A000360,"Alexander, Lamar",TN,R,"Alexander, Lamar",Mr. ALEXANDER,Lamar Alexander,
CREC-2015-06-11-pt1-PgS4101,CREC-2015-06-11,,SPEAKING,S,114,D000607,"Donnelly, Joe",IN,D,"Donnelly, Joe",Mr. DONNELLY,Joe Donnelly,
CREC-2015-06-11-pt1-PgS4101-2,CREC-2015-06-11,,SPEAKING,S,114,H001041,"Heller, Dean",NV,R,"Heller, Dean",Mr. HELLER,Dean Heller,
CREC-2015-06-11-pt1-PgS4102,CREC-2015-06-11,,SPEAKING,S,114,H001041,"Heller, Dean",NV,R,"Heller, Dean",Mr. HELLER,Dean Heller,
CREC-2015-06-11-pt1-PgS4102-2,CREC-2015-06-11,,SPEAKING,S,114,M001170,"McCaskill, Claire",MO,D,"McCaskill, Claire",Mrs. McCASKILL,Claire McCaskill,
CREC-2015-06-11-pt1-PgS4102-3,CREC-2015-06-11,,SPEAKING,S,114,V000127,"Vitter, David",LA,R,"Vitter, David",Mr. VITTER,David Vitter,
CREC-2015-06-11-pt1-PgS4102-4,CREC-2015-06-11,,,,,,,,,,,,
CREC-2015-06-11-pt1-PgS4103,CREC-2015-06-11,,,,,,,,,,,,
CREC-2015-06-11-pt1-PgS4103-2,CREC-2015-06-11,,,,,,,,,,,,
CREC-2015-06-11-pt1-PgS4103-3,CREC-2015-06-11,,,,,,,,,,,,
CREC-2015-06-11-pt1-PgS4104,CREC-2015-06-11,,,,,,,,,,,,
CREC-2015-06-11-pt1-PgS4103-4,CREC-2015-06-11,,,,,,,,,,,,
CREC-2015-06-11-pt1-PgS4104-2,CREC-2015-06-11,,,,,,,,,,,,
CREC-2015-06-11-pt1-PgS4105-2,CREC-2015-06-11,,SPEAKING,S,114,D000618,"Daines, Steve",MT,R,"Daines, Steve",Mr. DAINES,Steve Daines,
CREC-2015-06-11-pt1-PgS4105,CREC-2015-06-11,,SPEAKING,S,114,D000618,"Daines, Steve",MT,R,"Daines, Steve",Mr. DAINES,Steve Daines,
CREC-2015-06-11-pt1-PgS4105,CREC-2015-06-11,,SPEAKING,S,114,D000563,"Durbin, Richard J.",IL,D,"Durbin, Richard J.",Mr. DURBIN,Richard J. Durbin,Richard Durbin
CREC-2015-06-11-pt1-PgS4105,CREC-2015-06-11,,SPEAKING,S,114,S000033,"Sanders, Bernard",VT,I,"Sanders, Bernard",Mr. SANDERS,Bernard Sanders,Bernie Sanders
CREC-2015-06-11-pt1-PgS4105,CREC-2015-06-11,,SPEAKING,S,114,R000122,"Reed, Jack",RI,D,"Reed, Jack",Mr. REED,Jack Reed,John Reed
CREC-2015-06-11-pt1-PgS4105,CREC-2015-06-11,,SPEAKING,S,114,R000122,"Reed, Jack",RI,D,"Reed, Jack",Mr. REED,Jack Reed,John F. Reed
CREC-2015-06-11-pt1-PgS4106,CREC-2015-06-11,,SPEAKING,S,114,D000563,"Durbin, Richard J.",IL,D,"Durbin, Richard J.",Mr. DURBIN,Richard J. Durbin,Richard Durbin
CREC-2015-06-11-pt1-PgS4107,CREC-2015-06-11,,SPEAKING,S,114,D000563,"Durbin, Richard J.",IL,D,"Durbin, Richard J.",Mr. DURBIN,Richard J. Durbin,Richard Durbin
CREC-2015-06-11-pt1-PgS4108,CREC-2015-06-11,,SPEAKING,S,114,S000033,"Sanders, Bernard",VT,I,"Sanders, Bernard",Mr. SANDERS,Bernard Sanders,Bernie Sanders
CREC-2015-06-11-pt1-PgS4109,CREC-2015-06-11,,SPEAKING,S,114,R000122,"Reed, Jack",RI,D,"Reed, Jack",Mr. REED,Jack Reed,John Reed
CREC-2015-06-11-pt1-PgS4109,CREC-2015-06-11,,SPEAKING,S,114,R000122,"Reed, Jack",RI,D,"Reed, Jack",Mr. REED,Jack Reed,John F. Reed
CREC-2015-06-11-pt1-PgS4109-2,CREC-2015-06-11,,,,,,,,,,,,
CREC-2015-06-11-pt1-PgS4110,CREC-2015-06-11,,,,,,,,,,,,
CREC-2015-06-11-pt1-PgS4110-4,CREC-2015-06-11,,SPEAKING,S,114,I000024,"Inhofe, James M.",OK,R,"Inhofe, James M.",Mr. INHOFE,James M. Inhofe,Jim Inhofe
CREC-2015-06-11-pt1-PgS4110-3,CREC-2015-06-11,,,,,,,,,,,,
CREC-2015-06-11-pt1-PgS4110-2,CREC-2015-06-11,,,,,,,,,,,,
CREC-2015-06-11-pt1-PgS4111,CREC-2015-06-11,,SPEAKING,S,114,M000355,"McConnell, Mitch",KY,R,"McConnell, Mitch",Mr. McCONNELL,Mitch McConnell,
CREC-2015-06-11-pt1-PgS4111-2,CREC-2015-06-11,,SPEAKING,S,114,C001075,"Cassidy, Bill",LA,R,"Cassidy, Bill",Mr. CASSIDY,Bill Cassidy,
CREC-2015-06-11-pt1-PgS4111-3,CREC-2015-06-11,,SPEAKING,S,114,M000303,"McCain, John",AZ,R,"McCain, John",Mr. McCAIN,John McCain,John Sidney McCain
CREC-2015-06-11-pt1-PgS4111-4,CREC-2015-06-11,,SPEAKING,S,114,P000595,"Peters, Gary C.",MI,D,"Peters, Gary C.",Mr. PETERS,Gary C. Peters,Gary Peters
CREC-2015-06-11-pt1-PgS4111-5,CREC-2015-06-11,,SPEAKING,S,114,M000303,"McCain, John",AZ,R,"McCain, John",Mr. McCain,John McCain,John Sidney McCain
CREC-2015-06-11-pt1-PgS4112,CREC-2015-06-11,,SPEAKING,S,114,F000463,"Fischer, Deb",NE,R,"Fischer, Deb",Mrs. FISCHER,Deb Fischer,
CREC-2015-06-11-pt1-PgS4112-2,CREC-2015-06-11,,SPEAKING,S,114,B000944,"Brown, Sherrod",OH,D,"Brown, Sherrod",Mr. BROWN,Sherrod Brown,
CREC-2015-06-11-pt1-PgS4112-3,CREC-2015-06-11,,SPEAKING,S,114,C001095,"Cotton, Tom",AR,R,"Cotton, Tom",Mr. COTTON,Tom Cotton,
CREC-2015-06-11-pt1-PgS4112-4,CREC-2015-06-11,,SPEAKING,S,114,S001194,"Schatz, Brian",HI,D,"Schatz, Brian",Mr. SCHATZ,Brian Schatz,
CREC-2015-06-11-pt1-PgS4112-5,CREC-2015-06-11,,SPEAKING,S,114,G000359,"Graham, Lindsey",SC,R,"Graham, Lindsey",Mr. GRAHAM,Lindsey Graham,
CREC-2015-06-11-pt1-PgS4112-6,CREC-2015-06-11,,SPEAKING,S,114,G000359,"Graham, Lindsey",SC,R,"Graham, Lindsey",Mr. GRAHAM,Lindsey Graham,
CREC-2015-06-11-pt1-PgS4113,CREC-2015-06-11,,SPEAKING,S,114,M000702,"Mikulski, Barbara A.",MD,D,"Mikulski, Barbara A.",Ms. MIKULSKI,Barbara A. Mikulski,Barbara Mikulski
CREC-2015-06-11-pt1-PgS4113,CREC-2015-06-11,,SPEAKING,S,114,M000702,"Mikulski, Barbara A.",MD,D,"Mikulski, Barbara A.",Ms. MIKULSKI,Barbara A. Mikulski,Barbara Ann Mikulski
CREC-2015-06-11-pt1-PgS4114-2,CREC-2015-06-11,,SPEAKING,S,114,B001277,"Blumenthal, Richard",CT,D,"Blumenthal, Richard",Mr. BLUMENTHAL,Richard Blumenthal,
CREC-2015-06-11-pt1-PgS4114,CREC-2015-06-11,,SPEAKING,S,114,M000303,"McCain, John",AZ,R,"McCain, John",Mr. McCAIN,John McCain,John Sidney McCain
CREC-2015-06-11-pt1-PgS4115-2,CREC-2015-06-11,,SPEAKING,S,114,I000024,"Inhofe, James M.",OK,R,"Inhofe, James M.",Mr. INHOFE,James M. Inhofe,Jim Inhofe
CREC-2015-06-11-pt1-PgS4113-3,CREC-2015-06-11,,SPEAKING,S,114,A000368,"Ayotte, Kelly",NH,R,"Ayotte, Kelly",Ms. AYOTTE,Kelly Ayotte,
CREC-2015-06-11-pt1-PgS4115-3,CREC-2015-06-11,,SPEAKING,S,114,A000360,"Alexander, Lamar",TN,R,"Alexander, Lamar",Mr. ALEXANDER,Lamar Alexander,
CREC-2015-06-11-pt1-PgS4116,CREC-2015-06-11,,SPEAKING,S,114,V000127,"Vitter, David",LA,R,"Vitter, David",Mr. VITTER,David Vitter,
CREC-2015-06-11-pt1-PgS4115,CREC-2015-06-11,,SPEAKING,S,114,C001070,"Casey, Robert P., Jr.",PA,D,"Casey, Robert P., Jr.",Mr. CASEY,Robert P. Casey Jr.,Bob Casey
CREC-2015-06-11-pt1-PgS4113-2,CREC-2015-06-11,,SPEAKING,S,114,S000033,"Sanders, Bernard",VT,I,"Sanders, Bernard",Mr. SANDERS,Bernard Sanders,Bernie Sanders
CREC-2015-06-11-pt1-PgS4116-3,CREC-2015-06-11,,SPEAKING,S,114,G000562,"Gardner, Cory",CO,R,"Gardner, Cory",Mr. GARDNER,Cory Gardner,
CREC-2015-06-11-pt1-PgS4117,CREC-2015-06-11,,SPEAKING,S,114,G000562,"Gardner, Cory",CO,R,"Gardner, Cory",Mr. GARDNER,Cory Gardner,
CREC-2015-06-11-pt1-PgS4116-2,CREC-2015-06-11,,SPEAKING,S,114,H001069,"Heitkamp, Heidi",ND,D,"Heitkamp, Heidi",Ms. HEITKAMP,Heidi Heitkamp,Heidi Heitkamp
CREC-2015-06-11-pt1-PgS4117-2,CREC-2015-06-11,,SPEAKING,S,114,G000562,"Gardner, Cory",CO,R,"Gardner, Cory",Mr. GARDNER,Cory Gardner,
CREC-2015-06-11-pt1-PgS4116-4,CREC-2015-06-11,,SPEAKING,S,114,G000562,"Gardner, Cory",CO,R,"Gardner, Cory",Mr. GARDNER,Cory Gardner,
CREC-2015-06-11-pt1-PgS4117-4,CREC-2015-06-11,,SPEAKING,S,114,G000562,"Gardner, Cory",CO,R,"Gardner, Cory",Mr. GARDNER,Cory Gardner,
CREC-2015-06-11-pt1-PgS4117-3,CREC-2015-06-11,,SPEAKING,S,114,G000562,"Gardner, Cory",CO,R,"Gardner, Cory",Mr. GARDNER,Cory Gardner,
CREC-2015-06-11-pt1-PgS4117-5,CREC-2015-06-11,,SPEAKING,S,114,G000562,"Gardner, Cory",CO,R,"Gardner, Cory",Mr. GARDNER,Cory Gardner,
CREC-2015-06-11-pt1-PgS4117-6,CREC-2015-06-11,,,,,,,,,,,,
CREC-2015-06-11-pt1-PgS4118,CREC-2015-06-11,,,,,,,,,,,,
CREC-2015-06-11-pt1-PgE877-3,CREC-2015-06-11,,SPEAKING,H,114,F000458,"Fincher, Stephen Lee",TN,R,"Fincher, Stephen Lee",Mr. FINCHER,Stephen Lee Fincher,Stephen Fincher
CREC-2015-06-11-pt1-PgE877-4,CREC-2015-06-11,,SPEAKING,H,114,B001291,"Babin, Brian",TX,R,"Babin, Brian",Mr. BABIN,Brian Babin,
CREC-2015-06-11-pt1-PgE877-2,CREC-2015-06-11,,SPEAKING,H,114,W000804,"Wittman, Robert J.",VA,R,"Wittman, Robert J.",Mr. WITTMAN,Robert J. Wittman,Robert Wittman
CREC-2015-06-11-pt1-PgE877-5,CREC-2015-06-11,,SPEAKING,H,114,R000603,"Rouzer, David",NC,R,"Rouzer, David",Mr. ROUZER,David Rouzer,
CREC-2015-06-11-pt1-PgE877-6,CREC-2015-06-11,,SPEAKING,H,114,K000188,"Kind, Ron",WI,D,"Kind, Ron",Mr. KIND,Ron Kind,
CREC-2015-06-11-pt1-PgE878,CREC-2015-06-11,,SPEAKING,H,114,R000577,"Ryan, Tim",OH,D,"Ryan, Tim",Mr. RYAN of Ohio,Tim Ryan,
CREC-2015-06-11-pt1-PgE878-2,CREC-2015-06-11,,SPEAKING,H,114,S001189,"Scott, Austin",GA,R,"Scott, Austin",Mr. AUSTIN SCOTT of Georgia,Austin Scott,
CREC-2015-06-11-pt1-PgE878-3,CREC-2015-06-11,,SPEAKING,H,114,Y000065,"Yoho, Ted S.",FL,R,"Yoho, Ted S.",Mr. YOHO,Ted S. Yoho,Ted Yoho
CREC-2015-06-11-pt1-PgE879-2,CREC-2015-06-11,,SPEAKING,H,114,S001195,"Smith, Jason",MO,R,"Smith, Jason",Mr. SMITH of Missouri,Jason Smith,
CREC-2015-06-11-pt1-PgE879-3,CREC-2015-06-11,,SPEAKING,H,114,F000458,"Fincher, Stephen Lee",TN,R,"Fincher, Stephen Lee",Mr. FINCHER,Stephen Lee Fincher,Stephen Fincher
CREC-2015-06-11-pt1-PgE879,CREC-2015-06-11,,SPEAKING,H,114,K000363,"Kline, John",MN,R,"Kline, John",Mr. KLINE,John Kline,
CREC-2015-06-11-pt1-PgE879-4,CREC-2015-06-11,,SPEAKING,H,114,D000610,"Deutch, Theodore E.",FL,D,"Deutch, Theodore E.",Mr. DEUTCH,Theodore E. Deutch,Theodore Deutch
CREC-2015-06-11-pt1-PgE879-5,CREC-2015-06-11,,SPEAKING,H,114,N000188,"Norcross, Donald",NJ,D,"Norcross, Donald",Mr. NORCROSS,Donald Norcross,
CREC-2015-06-11-pt1-PgE880,CREC-2015-06-11,,SPEAKING,H,114,C001077,"Coffman, Mike",CO,R,"Coffman, Mike",Mr. COFFMAN,Mike Coffman,
CREC-2015-06-11-pt1-PgE880-2,CREC-2015-06-11,,SPEAKING,H,114,P000592,"Poe, Ted",TX,R,"Poe, Ted",Mr. POE of Texas,Ted Poe,
CREC-2015-06-11-pt1-PgE880-3,CREC-2015-06-11,,SPEAKING,H,114,G000410,"Green, Gene",TX,D,"Green, Gene",Mr. GENE GREEN of Texas,Gene Green,
CREC-2015-06-11-pt1-PgE881,CREC-2015-06-11,,SPEAKING,H,114,B000287,"Becerra, Xavier",CA,D,"Becerra, Xavier",Mr. BECERRA,Xavier Becerra,
CREC-2015-06-11-pt1-PgE881-2,CREC-2015-06-11,,SPEAKING,H,114,N000147,"Norton, Eleanor Holmes",DC,D,"Norton, Eleanor Holmes",Ms. NORTON,Eleanor Holmes Norton,Eleanor Norton
CREC-2015-06-11-pt1-PgE880-4,CREC-2015-06-11,,SPEAKING,H,114,C001103,"Carter, Earl L. ""Buddy""",GA,R,"Carter, Earl L. ""Buddy""",Mr. CARTER of Georgia,"Earl L. ""Buddy"" Carter",Earl Carter
CREC-2015-06-11-pt1-PgE881-3,CREC-2015-06-11,,SPEAKING,H,114,J000032,"Jackson Lee, Sheila",TX,D,"Jackson Lee, Sheila",Ms. JACKSON LEE,Sheila Jackson Lee,
CREC-2015-06-11-pt1-PgE882,CREC-2015-06-11,,SPEAKING,H,114,S001195,"Smith, Jason",MO,R,"Smith, Jason",Mr. SMITH of Missouri,Jason Smith,
CREC-2015-06-11-pt1-PgE882-2,CREC-2015-06-11,,SPEAKING,H,114,M001189,"Messer, Luke",IN,R,"Messer, Luke",Mr. MESSER,Luke Messer,
CREC-2015-06-11-pt1-PgE882-3,CREC-2015-06-11,,SPEAKING,H,114,C001059,"Costa, Jim",CA,D,"Costa, Jim",Mr. COSTA,Jim Costa,
CREC-2015-06-11-pt1-PgE883,CREC-2015-06-11,,SPEAKING,H,114,P000096,"Pascrell, Bill",NJ,D,"Pascrell, Bill",Mr. PASCRELL,"Bill Pascrell, Jr.",Bill Pascrell
CREC-2015-06-11-pt1-PgE882-5,CREC-2015-06-11,,SPEAKING,H,114,R000585,"Reed, Tom",NY,R,"Reed, Tom",Mr. REED,Tom Reed,
CREC-2015-06-11-pt1-PgE883-2,CREC-2015-06-11,,SPEAKING,H,114,S001195,"Smith, Jason",MO,R,"Smith, Jason",Mr. SMITH of Missouri,Jason Smith,
CREC-2015-06-11-pt1-PgE883-3,CREC-2015-06-11,,SPEAKING,H,114,B001295,"Bost, Mike",IL,R,"Bost, Mike",Mr. BOST,Mike Bost,
CREC-2015-06-11-pt1-PgE882-4,CREC-2015-06-11,,SPEAKING,H,114,B000755,"Brady, Kevin",TX,R,"Brady, Kevin",Mr. BRADY of Texas,Kevin Brady,
CREC-2015-06-11-pt1-PgE883-4,CREC-2015-06-11,,SPEAKING,H,114,F000454,"Foster, Bill",IL,D,"Foster, Bill",Mr. FOSTER,Bill Foster,
CREC-2015-06-11-pt1-PgE883-5,CREC-2015-06-11,,SPEAKING,H,114,V000081,"Velazquez, Nydia M.",NY,D,"Velazquez, Nydia M.",Ms. VELAZQUEZ,Nydia M. Velazquez,Nydia Velazquez
CREC-2015-06-11-pt1-PgE883-6,CREC-2015-06-11,,SPEAKING,H,114,P000592,"Poe, Ted",TX,R,"Poe, Ted",Mr. POE of Texas,Ted Poe,
CREC-2015-06-11-pt1-PgE884-4,CREC-2015-06-11,,SPEAKING,H,114,S001195,"Smith, Jason",MO,R,"Smith, Jason",Mr. SMITH of Missouri,Jason Smith,
CREC-2015-06-11-pt1-PgE884,CREC-2015-06-11,,SPEAKING,H,114,S001193,"Swalwell, Eric",CA,D,"Swalwell, Eric",Mr. SWALWELL of California,Eric Swalwell,
CREC-2015-06-11-pt1-PgE884-3,CREC-2015-06-11,,SPEAKING,H,114,N000188,"Norcross, Donald",NJ,D,"Norcross, Donald",Mr. NORCROSS,Donald Norcross,
CREC-2015-06-11-pt1-PgE884-2,CREC-2015-06-11,,SPEAKING,H,114,G000551,"Grijalva, Raul M.",AZ,D,"Grijalva, Raul M.",Mr. GRIJALVA,Raul M. Grijalva,Raul Grijalva
CREC-2015-06-11-pt1-PgE885,CREC-2015-06-11,,SPEAKING,H,114,R000600,"Radewagen, Aumua Amata Coleman",AS,R,"Radewagen, Aumua Amata Coleman",Mrs. RADEWAGEN,Aumua Amata Coleman Radewagen,Aumua Amata Radewagen
CREC-2015-06-11-pt1-PgE885-2,CREC-2015-06-11,,SPEAKING,H,114,J000032,"Jackson Lee, Sheila",TX,D,"Jackson Lee, Sheila",Ms. JACKSON LEE,Sheila Jackson Lee,
CREC-2015-06-11-pt1-PgE885-3,CREC-2015-06-11,,SPEAKING,H,114,N000147,"Norton, Eleanor Holmes",DC,D,"Norton, Eleanor Holmes",Ms. NORTON,Eleanor Holmes Norton,Eleanor Norton
CREC-2015-06-11-pt1-PgE886,CREC-2015-06-11,,SPEAKING,H,114,C001094,"Cook, Paul",CA,R,"Cook, Paul",Mr. COOK,Paul Cook,
CREC-2015-06-11-pt1-PgD692,CREC-2015-06-11,,,,,,,,,,,,
CREC-2015-06-11-pt1-PgD690,CREC-2015-06-11,,,,,,,,,,,,
CREC-2015-06-11-pt1-PgD695,CREC-2015-06-11,,,,,,,,,,,,
CREC-2015-06-11-pt1-PgD694,CREC-2015-06-11,,,,,,,,,,,,
CREC-2015-06-11-pt1-PgD692-2,CREC-2015-06-11,,,,,,,,,,,,
CREC-2015-06-11-pt1-PgD695-2,CREC-2015-06-11,,,,,,,,,,,,
